Handle,Title,Body (HTML),Vendor,Type,Tags,Published,Option1 Name,Option1 Value,Option2 Name,Option2 Value,Option3 Name,Option3 Value,Variant SKU,Variant Inventory Tracker,Variant Inventory Policy,Variant Fulfillment Service,Variant Price,Variant Compare At Price,Variant Requires Shipping,Variant Taxable,Image Src,Image Position,Image Alt Text,Status
100-organic-argan-oil,100% Organic Argan Oil,"<p><strong>Shea &#8220;All Naturals&#8221; </strong>Argan Oil is vegan, cold-pressed, non-GMO, and organic. Naturally rich in antioxidants especially Vitamin E (twice as Olive oil), essential fatty acids- especially Omega 6 and carotenes, our certified organic Moroccan Argan oil absorbs easily and is non-greasy. You will find Moroccans slathering this oil on their skin, hair, nails, and their babies for a full-body pampering experience.</p>
<p><b>Purpose:</b></p>
<ol>
<li>To ease dry skin, hair and scalp, acne, psoriasis, eczema, and other dermatitis;</li>
<li>Contains saponins and phytosterols- as such it supports skin regeneration and restores the skin’s water lipid layer thereby minimizing the appearance of wrinkles, and softening cuticles, hands, and feet skin;</li>
<li>Due to its anti-aging properties, it improves skin elasticity;</li>
<li>Due to its softening properties, it provides the benefits of a hair conditioner.</li>
</ol>
<p><strong>Skin Conditions:</strong> Normal, Dry, extremely dry, scaly, flaky, chapped, eczema, symptoms of psoriasis, etc.</p>
<p><strong>Hair Types:</strong> All hair types and textures (curly, wave, kinky, natural, chemically-treated, and colored).</p>
<p><strong>Hair Conditions:</strong> Dry, damaged, brittle, breaking, split ends, healthy</p>
<p><strong>Texture: </strong>Liquid oil</p>
<p><strong>Aroma: </strong>Unscented</p>
<p><strong>What it does not contain:</strong> Parabens, Hexanes, harmful preservatives, fragrances</p>
<p><strong>The Direction For Use:</strong></p>
<p><strong>Daily Hair Care- </strong>Argan oil is proven to make hair softer and silkier. It could be used on its own or added to your favorite hair conditioner or hairdresser. You may apply to wet or dry hair.</p>
<p><strong>Daily Skin Care-</strong> Wash with our Shea Butter Body Wash or any of our bars. Pat skin dry and apply liberally all over the skin. You may also mix with other oils or lotion before applying it to the skin. For <strong>face care,</strong> we recommend applying a few drops to your face and neck both day and night time using gentle rubbing motions.</p>
<p><strong>Ingredient:</strong> 100% Organic Argan oil</p>
<p>&nbsp;</p>",All Naturals Cosmetics,Bulk- Face Care,"Bulk- Face Care, Bulk-Bath & Body, Bulk-Hair / Scalp / Twist and Lock, Raw Materials, Spas & Salons",true,Size,Gallon,,,,,,,deny,manual,360.00,,true,true,https://allnaturalscosmetics.com/wp-content/uploads/100-Organic-Argan-Oil1.png,1,100% Organic Argan Oil,active
100-organic-argan-oil,,,,,,,,28kg,,,,,,,deny,manual,2016.00,,true,true,,,,
argan-oil-hair-locks-butter-2,Argan oil Hair & Locks Butter,"<p>A hair and locks grooming butter with no petrolatum! Our hair balm is excellent for:</p>
<ol>
<li>Keeping away frizz;</li>
<li>Twisting and locking hair &amp; root;</li>
<li>Grooming curly, hard to tame, and mixed-breed hair type;</li>
<li>Conditioning hair.</li>
</ol>
<p><strong>The Direction for Use: </strong>You may apply to wet or dry hair and scalp. Comb hair, twist or lock as appropriate.</p>
<p><strong>Ingredients: </strong>De-ionized water, Theobroma Cacao (Cocoa) Seed Butter,  Argania Spinsosa (Argan) Oil  Simmondsia Chinesis (Jojoba) Seed oil, Ricinus Communis (Castor) oil, Butyrospermum Parkii (Shea Butter), Vegetable Glycerin,<strong> </strong>Vitis Vinifera Grapeseed Oil, Glyceryl Mono Stearate, Camellia Sinensis (Japanese Green Tea) Leaf Extract, Vitamin B, Allantoin, Tocopherol (Vitamin E), Ascorbic Acid (Vitamin C), Stearic Acid, Potassium Sorbate, Natural Beeswax (Cera Alba),  Emulsifying Wax NF, Essential Oil (Butterscotch)</p>",All Naturals Cosmetics,"Bulk-Hair, Scalp, Twist and Lock","Bulk-Hair / Scalp / Twist and Lock, Spas & Salons",true,Size,50lbs,,,,,,,deny,manual,250.00,,true,true,https://allnaturalscosmetics.com/wp-content/uploads/Argan-oil-Hair-Locks-Butter.png,1,Argan oil Hair & Locks Butter,active
argan-oil-hair-locks-butter-2,,,,,,,,25lbs,,,,,,,deny,manual,150.00,,true,true,,,,
argan-oil-hair-locks-butter-2,,,,,,,,8.8lbs,,,,,,,deny,manual,85.00,,true,true,,,,
hair-style-finishing-spray,Hair Style Finishing Spray,"<p>Our hair spray does not contain drying alcohols and harsh chemicals but:</p>
<ol>
<li>Provides sheen and amazing conditioning to human hair, synthetic braids &amp; weaves;</li>
<li>Moisturizes most hair textures.</li>
</ol>
<p><strong>The Direction for Use: </strong>Place in a spray-able bottle and hold bottle 8 to 10 inches away from hair. Spray in a sweeping motion covering entire head evenly. Brush, comb or style hair as desired for a beautiful sheen</p>
<p><strong>Ingredients: </strong>Grape Seed oil, Tritium Vulgare (Wheat) Germ oil, Daucus Carota Sativa (Carrot) Seed oil, Mineral oil, Cyclomethicone, Tocopherol (Vitamin E), Fragrance/Aroma</p>
<p><strong>Size</strong>: 8oz/255ml</p>
<p><strong><em>Note this product has mineral oil at 2%</em></strong></p>",All Naturals Cosmetics,"Bulk-Hair, Scalp, Twist and Lock","Bulk-Hair / Scalp / Twist and Lock, Spas & Salons",true,Size,50lbs,,,,,,,deny,manual,350.00,,true,true,https://allnaturalscosmetics.com/wp-content/uploads/hair-style-finishing-spray_gal.jpg,1,Hair Style Finishing Spray,active
hair-style-finishing-spray,,,,,,,,25lbs,,,,,,,deny,manual,225.00,,true,true,https://allnaturalscosmetics.com/wp-content/uploads/bulk-hair-scalp-twist-and-lock/Hair-Style-Finishing-Spray_50.jpg,2,Hair Style Finishing Spray,
hair-style-finishing-spray,,,,,,,,Gallon,,,,,,,deny,manual,125.00,,true,true,https://allnaturalscosmetics.com/wp-content/uploads/bulk-hair-scalp-twist-and-lock/Hair-Style-Finishing-Spray_25.jpg,3,Hair Style Finishing Spray,
hair-moisturizing-lotion,Hair Moisturizing Lotion,"<p>Our hair lotion is free of additives and moisturizes most hair types. It …</p>
<ol>
<li>Locks moisture and hydrates hair strands</li>
<li>Is excellent for coarse and hard-to-manage hair types;</li>
<li>Is amazing for both natural and chemically treated hair;</li>
<li>Adds luster and manageability to hair;</li>
<li>Eliminates dryness and frizzing;</li>
<li>Contains No Petrolatum and pore blockers;</li>
<li>Minimizes breakage and split ends.</li>
</ol>
<p><strong>The Direction for Use:<br />
Normal Hair Care</strong>: Apply to clean dry hair from root to tip and comb through. Style as desired<br />
<strong>Coarse and Hard-to-Manage Hair Care</strong>: Apply to clean almost but not fully dry hair, from root to tip. Finish drying and style as desired. Use as often as needed/desired.</p>
<p><strong>Ingredients: </strong>Water , Glycerin, Cetyl Alcohol (Coconut derived), Sterikonium Chloride, Dimethicone, Butyrospermum Parkii(Shea Butter),</p>
<p><strong>Size:</strong> 8oz/255ml</p>",All Naturals Cosmetics,"Bulk-Hair, Scalp, Twist and Lock","Bulk-Hair / Scalp / Twist and Lock, Spas & Salons",true,Size,50lbs,,,,,,,deny,manual,195.00,,true,true,https://allnaturalscosmetics.com/wp-content/uploads/hair-moisturizing-lotion_25.jpg,1,Hair Moisturizing Lotion,active
hair-moisturizing-lotion,,,,,,,,25lbs,,,,,,,deny,manual,145.00,,true,true,https://allnaturalscosmetics.com/wp-content/uploads/bulk-hair-scalp-twist-and-lock/Hair-Moisturizing-Lotion_50.jpg,2,Hair Moisturizing Lotion,
hair-moisturizing-lotion,,,,,,,,Gallon,,,,,,,deny,manual,85.00,,true,true,,,,
argan-oil-hair-locks-butter,Argan oil Hair & Locks Butter,"<p>Argan Oil Hair &amp; Lock Balm will moisturize, and add manageability to your twist and locks. It will leave your hair a soft and silky shine.</p>
<p><strong>Purpose:</strong></p>
<ol>
<li>Moisturizing and reducing frizz;</li>
<li>Twisting and locking hair &amp; new roots;</li>
<li>Grooming curly, and hard to tame hair.</li>
</ol>
<p><strong>Hair type:</strong> Curly, wavy, dreadlocks</p>
<p><strong>Texture:</strong> Thick cream consistency</p>
<p><strong>Aroma:</strong> Butterscotch essential oil</p>
<p><strong>What it does not contain: </strong>No mineral oil, petrolatum, silicone, parabens, propylene, DEA, sulfates, fragrance.</p>
<p><strong>The Direction for Use: </strong>You may apply to wet or dry hair and scalp. Comb hair, twist, or lock as appropriate.</p>
<p><strong>Ingredients: </strong>De-ionized water, Theobroma Cacao (Cocoa) Seed Butter,  Argania Spinsosa (Argan) Oil  Simmondsia Chinesis (Jojoba) Seed Oil, Ricinus Communis (Castor) Oil, Butyrospermum Parkii (Shea Butter), Vegetable Glycerin,<strong> </strong>Vitis Vinifera Grapeseed Oil, Glyceryl Mono Stearate, Camellia Sinensis (Japanese Green Tea) Leaf Extract, Vitamin B, Allantoin, Tocopherol (Vitamin E), Ascorbic Acid (Vitamin C), Stearic Acid, Potassium Sorbate, Natural Beeswax (Cera Alba),  Emulsifying Wax NF, Essential Oil (Butterscotch)</p>",All Naturals Cosmetics,Family Hair Care,"Family Hair Care, Hair oils / Lotions & Sprays",true,Title,Default Title,,,,,,,deny,manual,15.00,,true,true,https://allnaturalscosmetics.com/wp-content/uploads/argon_oil_locks_balm1.jpg,1,Argan oil Hair & Locks Butter,active
argan-oil-hair-locks-butter,,,,,,,,,,,,,,,,,,,,,https://allnaturalscosmetics.com/wp-content/uploads/argon_oil_locks_balm2.jpg,2,Argan oil Hair & Locks Butter,
argan-oil-hair-locks-butter,,,,,,,,,,,,,,,,,,,,,https://allnaturalscosmetics.com/wp-content/uploads/argon_oil_locks_balm4.jpg,3,Argan oil Hair & Locks Butter,
argan-oil-hair-locks-butter,,,,,,,,,,,,,,,,,,,,,https://allnaturalscosmetics.com/wp-content/uploads/argon_oil_locks_balm3.jpg,4,Argan oil Hair & Locks Butter,
argan-oil-hair-locks-butter,,,,,,,,,,,,,,,,,,,,,https://allnaturalscosmetics.com/wp-content/uploads/argon_oil_locks_balm5.jpg,5,Argan oil Hair & Locks Butter,
argan-oil-hair-locks-butter,,,,,,,,,,,,,,,,,,,,,https://allnaturalscosmetics.com/wp-content/uploads/Argan-oil-Hair-Locks-Balm_1.jpeg,6,Argan oil Hair & Locks Butter,
shea-feet-butter,Shea Feet Butter,"<p>Our Shea Feet Butter is lightly-minted and made with Shea Butter and Coconut oil to:</p>
<ol>
<li>Aid diabetic feet care;</li>
<li>Support muscle relation;</li>
<li>Revive and rejuvenate dry, neglected feet;</li>
<li>Nurtures cracked feet skin back to life;</li>
<li>Soften hard, coarse, feet skin.</li>
</ol>
<p><strong>The Direction for Use: </strong>For daily use, wash feet and massage feet including toes with Shea feet butter. For a deep feet treatment, soak feet in warm water for 15-20 minutes and rub gently with a pumice stone or scrub. Massage Shea Feet Butter into feet, paying close attention to heels and calloused skin. Then cover feet with cotton socks overnight to soothe and seal in moisture.</p>
<p><strong>INCI Ingredients</strong>: Butyrospermum Parkii (Shea Butter,<span lang=""EN""> Olea europaea (olive fruit oil), Cocos nucifera (coconut oil), Rosmarinus officinalis (rosemary leaf extract), Canola oil, Tocopherol, Glycine soja (soybean) oil, Mentha Piperita (Peppermint) oil, Meadowfoam oil.</span></p>",All Naturals Cosmetics,Bulk-Bath & Body,Bulk-Bath & Body,true,Size,8.8lbs,,,,,,,deny,manual,120.00,,true,true,https://allnaturalscosmetics.com/wp-content/uploads/shea-feet-butter_50.jpg,1,Shea Feet Butter,active
shea-feet-butter,,,,,,,,25lbs,,,,,,,deny,manual,260.00,,true,true,https://allnaturalscosmetics.com/wp-content/uploads/bulk-bath-amp-body/Shea-Feet-Butter_25.jpg,2,Shea Feet Butter,
shea-feet-butter,,,,,,,,,,,,,,,,,,,,,https://allnaturalscosmetics.com/wp-content/uploads/bulk-bath-amp-body/Shea-Feet-Butter_8.jpg,3,Shea Feet Butter,
argan-oil-shampoo-25lb-size-25lb,Argan Oil Shampoo,"<p>Shea “All Naturals”  Argan oil Shampoo is SLES, SLS, Paraben-free, and is rich in naturally occurring Omega-3,6 and 9 and essential fatty acids (from Argan oil). It offers some protection against day-to-day styling, renewing, restoring, and strengthening all hair types.</p>
<p><strong>Purposes:</strong></p>
<ol>
<li>It helps repair damaged strands and split ends;</li>
<li>It leaves hair feeling strong, soft, and shiny.</li>
</ol>
<p><strong>The Directions for Use: </strong>Apply shampoo to wet hair and massage it into the scalp, and through the roots to the ends for a thorough cleansing. Rinse off and repeat if needed. Follow with Shea “All Naturals” Argan Oil Conditioner.</p>
<p>Warning: Avoid contact with eyes. If contact occurs rinse immediately.</p>
<p><strong>Hair Types: </strong>Fine, medium, coarse</p>
<p><strong>Hair Textures:</strong> curly, wave, kinky, natural, straight</p>
<p><strong>Hair Conditions:</strong>  Dry, oily, damaged, brittle, breaking, split ends, healthy, chemically- and color-treated.</p>
<p><strong>Product Texture: </strong>Gel-like</p>
<p><strong>Aroma:</strong> Butterscotch</p>
<p><strong>What it does not contain:</strong> <strong>No</strong> paraben, mineral oil, petrolatum, sulfates, phthalates, dyes, silicone, and gluten.</p>
<p><strong>Ingredients: </strong>Aqua, Decyl Glucoside, Sodium Lauroyl Lactylate, Stearic acid, Argania Spinosa Kernel Oil (Argan oil), Chamomile Recutita Matricaria Flower Extract (Chamomile), Hectorite (clay), Hydroxyethylcellulose, Potassium Sorbate, Citric Acid.</p>",All Naturals Cosmetics,Bulk-Shampoos & Conditioners,"Bulk-Shampoos & Conditioners, Spas & Salons",true,Size,50lbs,,,,,,,deny,manual,250.00,,true,true,https://allnaturalscosmetics.com/wp-content/uploads/Argan-Oil-Shampoo.png,1,Argan Oil Shampoo,active
argan-oil-shampoo-25lb-size-25lb,,,,,,,,25lbs,,,,,,,deny,manual,175.00,,true,true,,,,
argan-oil-shampoo-25lb-size-25lb,,,,,,,,Gallon,,,,,,,deny,manual,120.00,,true,true,,,,
100-pure-shea-butter,100% Pure Shea Butter,"<p>It has been proven<strong> to reduce the appearance of skin conditions</strong> such as eczema, stretch marks, acne scarring, bumps, boils, blemishes, scars, symptoms of psoriasis, sunburn, ringworm, scaly skin, dry &amp; itchy skin conditions, damaged cuticle, weak nails, rashes including diaper rash, uneven skin tone, cold sores, superficial bedsores and wounds, wrinkles, lines, and other skin conditions.</p>
<p>Lanre of All Naturals testified that Shea Butter is called and seen as the Tree of Life by the people of Nigeria, West Africa; where this company used to own a Shea Butter farm. The Shea Butter is used in cooking their food, on their skin, hair, and even eaten raw! Of course, it could be eaten raw as Shea Butter has naturally occurring <strong>Vitamin A, B, C, D, E, F, and K</strong>. It also boasts of <strong>Iron, Calcium, and Protein.</strong></p>
<p>The communities that use this butter in their daily skin and hair regimen have been able <strong>to retain a fresher, younger look, firmer beautiful blemish-free skin, and lustrous healthy hair growth.</strong> All of these have been attributed to the properties naturally occurring only in the pure, organic <strong>100% Shea Butter </strong>that we offer our customers! Our brand does not contain perfume, chemicals, preservatives, or dyes and it is unparallel in its healing and protection properties.</p>
<p>The Pure Shea Butter is the favorite of many as it helps <strong>to rejuvenate &amp; restore the skin’s natural elasticity.</strong> Pure Shea butter is an <strong>excellent facial moisturizer</strong>. It actually helps <strong>to reduce the appearance of wrinkles, lines, sagging skin, age spots, and other signs of aging.</strong> It is definitely ideal for most skins including sensitive and <strong>baby skin.</strong></p>
<p><span lang=""EN""><strong>Note</strong>:</span></p>
<ol>
<li><span lang=""EN"">Keep unused Shea Butter in a cool and dark place. </span></li>
<li><span lang=""EN"">Shea Butter marketed by All Naturals Inc. comes from trees that are not cultivated, grown, fertilized nor plasticized; hence our 100% Natural/Unrefined Shea Butter is also 100% organic.</span></li>
<li>The color of this product may vary from creamy ivory to light yellow.</li>
</ol>
<p><span lang=""EN""><strong>INCI Ingredients</strong>: </span>Butyrospermum Parkii (<span lang=""EN"">100% Unrefined / Organic Shea Butter)</span></p>
<p><strong>Direction for Use</strong>: After hand or body washing, rub between the palms and <strong>apply on the skin.</strong> This product can be used day or night and it is definitely a must in the Fall and Winter Seasons as it shields the skin from the harsh cold weather while depositing essential nutrients including Calcium and Vitamin D into the skin.</p>",All Naturals Cosmetics,Bulk-Bath & Body,"Bulk-Bath & Body, Raw Materials",true,Size,50lbs,,,,,,,deny,manual,550.00,,true,true,https://allnaturalscosmetics.com/wp-content/uploads/100-Pure-Shea-Butter.png,1,100% Pure Shea Butter,active
100-pure-shea-butter,,,,,,,,5lbs,,,,,,,deny,manual,75.00,,true,true,,,,
100-pure-shea-butter,,,,,,,,25lbs,,,,,,,deny,manual,300.00,,true,true,,,,
argan-oil-shampoo,Argan Oil Shampoo,"<p>Shea &#8220;All Naturals&#8221;  Argan oil Shampoo is SLES, SLS, Paraben-free, and is rich in naturally occurring Omega-3,6 and 9 and essential fatty acids (from Argan oil). It offers some protection against day-to-day styling, renewing, restoring, and strengthening all hair types.</p>
<p><strong>Purposes:</strong></p>
<ol>
<li>It helps repair damaged strands and split ends;</li>
<li>It leaves hair feeling strong, soft, and shiny.</li>
</ol>
<p><strong>The Directions for Use: </strong>Apply shampoo to wet hair and massage it into the scalp, and through the roots to the ends for a thorough cleansing. Rinse off and repeat if needed. Follow with Shea &#8220;All Naturals&#8221; Argan Oil Conditioner.</p>
<p>Warning: Avoid contact with eyes. If contact occurs rinse immediately.</p>
<p><strong>Hair Types: </strong>Fine, medium, coarse</p>
<p><strong>Hair Textures:</strong> curly, wave, kinky, natural, straight</p>
<p><strong>Hair Conditions:</strong>  Dry, oily, damaged, brittle, breaking, split ends, healthy/normal, chemically- and color-treated.</p>
<p><strong>Product Texture: </strong>Gel-like</p>
<p><strong>Aroma:</strong> Butterscotch</p>
<p><strong>What it does not contain:</strong> <strong>No</strong> paraben, mineral oil, petrolatum, sulfates, phthalates, dyes, silicone, and gluten.</p>
<p><strong>Ingredients: </strong>Aqua, Decyl Glucoside, Sodium Lauroyl Lactylate, Stearic acid, Argania Spinosa Kernel Oil (Argan oil), Chamomile Recutita Matricaria Flower Extract (Chamomile), Hectorite (clay), Hydroxyethylcellulose, Potassium Sorbate, Citric Acid.</p>
<p>For bulk purchase, <a href=""https://allnaturalscosmetics.com/product/argan-oil-shampoo-25lb-size-25lb/"">go here</a></p>",All Naturals Cosmetics,Family Hair Care,"Family Hair Care, Shampoos & Cleansers",true,Title,Default Title,,,,,,,deny,manual,13.00,,true,true,https://allnaturalscosmetics.com/wp-content/uploads/aos1.jpg,1,Argan Oil Shampoo,active
argan-oil-shampoo,,,,,,,,,,,,,,,,,,,,,https://allnaturalscosmetics.com/wp-content/uploads/aos2.jpg,2,Argan Oil Shampoo,
argan-oil-shampoo,,,,,,,,,,,,,,,,,,,,,https://allnaturalscosmetics.com/wp-content/uploads/aos3.jpg,3,Argan Oil Shampoo,
argan-oil-conditioner-gallon,Argan Oil Conditioner,"<p>Shea “All Naturals” <strong>Argan Oil Conditioner</strong> is rich in essential fatty acids and natural emollients to reduce dryness. Its nutrients saturate hair cuticles, roots, and tips, making your hair soft, healthy, and beautiful.</p>
<p><strong>Purpose: </strong>To deep-condition your hair, protecting it against <span lang=""EN"">the damaging effects of heat styling and over-processing, </span>split ends, and weather stressors.</p>
<p><strong>Hair Types:</strong> All hair types and textures (curly, wave, kinky, natural, chemically-treated, and colored)</p>
<p><strong>Hair Conditions:</strong> Dry, damaged, brittle, breaking, split ends, healthy/normal</p>
<p><strong>Product Texture:</strong> Creamy</p>
<p><strong>Aroma:</strong> Butterscotch</p>
<p><strong>What it does not contain:</strong> <strong>No</strong> paraben, mineral oil, petrolatum, sulfates, phthalates, dyes, silicone, and gluten. Non-comedogenic,<strong> Not</strong> tested on animals.</p>
<p><strong>The Direction for Use: </strong>Apply to wet hair after shampooing with the Shea “All Naturals” Argan Oil Shampoo, massage thoroughly and comb from the roots to the tips for deep-root conditioning. Rinse off and follow with Shea “All Naturals” 100% organic Argan Oil. Apply the oil on the scalp and hair for beautiful, well-nourished hair. You may also apply other preferred hair styling products. Style as usual.</p>
<p><strong>Ingredients: </strong>Aqua, Cetearyl Alcohol (oil derived), Cetyl Alcohol (oil derived), Capric/Caprylic Triglycerides, Vegetable Glycerin, Stearic acid, Argania Spinosa Kernel Oil (Argan Oil), Cocoa butter, Shea butter, Xanthan Gum, Potassium Sorbate, Citric Acid, Essential oil (Butterscotch).</p>",All Naturals Cosmetics,Bulk-Shampoos & Conditioners,"Bulk-Shampoos & Conditioners, Spas & Salons",true,Size,50lbs,,,,,,,deny,manual,295.00,,true,true,https://allnaturalscosmetics.com/wp-content/uploads/Argan-Oil-Conditioner.png,1,Argan Oil Conditioner,active
argan-oil-conditioner-gallon,,,,,,,,25lbs,,,,,,,deny,manual,100.00,,true,true,,,,
argan-oil-conditioner-gallon,,,,,,,,Gallon,,,,,,,deny,manual,125.00,,true,true,,,,
argan-oil-conditioner,Argan Oil Conditioner,"<p>Shea &#8220;All Naturals&#8221; <strong>Argan Oil Conditioner</strong> is rich in essential fatty acids and natural emollients to reduce dryness. Its nutrients saturate hair cuticles, roots, and tips, making your hair soft, healthy, and beautiful.</p>
<p><strong>Purpose: </strong>To deep-condition your hair, protecting it against <span lang=""EN"">the damaging effects of heat styling and over-processing, </span>split ends, and weather stressors.</p>
<p><strong>Hair Types:</strong> All hair types and textures (curly, wave, kinky, natural, chemically-treated, and colored)</p>
<p><strong>Hair Conditions:</strong> Dry, damaged, brittle, breaking, split ends, healthy/normal</p>
<p><strong>Product Texture:</strong> Creamy</p>
<p><strong>Aroma:</strong> Butterscotch</p>
<p><strong>What it does not contain:</strong> <strong>No</strong> paraben, mineral oil, petrolatum, sulfates, phthalates, dyes, silicone, and gluten. Non-comedogenic,<strong> Not</strong> tested on animals.</p>
<p><strong>The Direction for Use: </strong>Apply to wet hair after shampooing with the Shea &#8220;All Naturals&#8221; Argan Oil Shampoo, massage thoroughly and comb from the roots to the tips for deep-root conditioning. Rinse off and follow with Shea &#8220;All Naturals&#8221; 100% organic Argan Oil. Apply the oil on the scalp and hair for beautiful, well-nourished hair. You may also apply other preferred hair styling products. Style as usual.</p>
<p><strong>Ingredients: </strong>Aqua, Cetearyl Alcohol (oil derived), Cetyl Alcohol (oil derived), Capric/Caprylic Triglycerides, Vegetable Glycerin, Stearic acid, Argania Spinosa Kernel Oil (Argan Oil), Cocoa butter, Shea butter, Xanthan Gum, Potassium Sorbate, Citric Acid, Essential oil (Butterscotch).</p>
<p>For bulk purchase, <a href=""https://allnaturalscosmetics.com/product/argan-oil-conditioner-gallon/"">go here</a></p>",All Naturals Cosmetics,Family Hair Care,"Family Hair Care, Treatments & Conditioners",true,Title,Default Title,,,,,,,deny,manual,15.00,,true,true,https://allnaturalscosmetics.com/wp-content/uploads/aoc1.jpg,1,Argan Oil Conditioner,active
argan-oil-conditioner,,,,,,,,,,,,,,,,,,,,,https://allnaturalscosmetics.com/wp-content/uploads/aoc3.jpg,2,Argan Oil Conditioner,
argan-oil-conditioner,,,,,,,,,,,,,,,,,,,,,https://allnaturalscosmetics.com/wp-content/uploads/aoc2.jpg,3,Argan Oil Conditioner,
argan-oil-conditioner,,,,,,,,,,,,,,,,,,,,,https://allnaturalscosmetics.com/wp-content/uploads/aoc4.jpg,4,Argan Oil Conditioner,
cocoa-butter,Cocoa Butter,"<p>Our Organic Cocoa Butter is a self-preserving oil essential in:</p>
<ol>
<li>Reducing symptoms of exposure to harsh weather conditions;</li>
<li>Preventing stretch-marks during pregnancy;</li>
<li>Rejuvenating and keeping skin supple;</li>
<li>Improving skin elasticity and health;</li>
<li>Reducing appearance of signs of aging.</li>
</ol>
<p><strong>The Direction for Use: </strong>Wash with your favourite bar or wash, pat dry and rub Cocoa butter all over. Cocoa butter can also be melted (on stove top) and add to your preferred liquid oil to improve spread-ability.</p>
<p><strong>Ingredient: </strong> Theobroma Cacao (Organic Cocoa) Seed butter</p>
<p><strong>Shelf Life:</strong> It contains natural antioxidants that prevent rancidity, and has a long shelf life. Some estimates put it at between 2 and 5 years in a cool, dry place.</p>",All Naturals Cosmetics,Bulk-Bath & Body,"Bulk-Bath & Body, Raw Materials",true,Size,50lbs,,,,,,,deny,manual,850.00,,true,true,https://allnaturalscosmetics.com/wp-content/uploads/cocoa_butter.png,1,Cocoa Butter,active
cocoa-butter,,,,,,,,25lbs,,,,,,,deny,manual,475.00,,true,true,,,,
cocoa-butter,,,,,,,,5lbs,,,,,,,deny,manual,100.00,,true,true,,,,
shea-butter-shampoo,Shea Butter Shampoo,"<p>Our <strong>Shea Butter+Black soap Shampoo</strong> will gently yet deeply cleanse your scalp and hair. Formulated with enriching moisturizers including 100% organic shea butter, this cleanser will renew, hydrate, and improve hair manageability.  The Chamomile in the shampoo will calm while the Japanese Green Tea will revitalize and open your pores to a breathable environment for healthy hair growth.  This shampoo works well with both healthy and damaged hair and a trial could make you keep washing all week long!</p>
<p><strong>Purpose:</strong></p>
<ol>
<li>Deeply cleanses and conditions your hair and scalp;</li>
<li>Imparts moisturize to your hair for beautiful, soft tresses;</li>
<li>Reduces dry, itchy scalp conditions.</li>
</ol>
<p><strong>Hair Types: </strong>Fine, medium, coarse</p>
<p><strong>Hair Textures:</strong> curly, wave, kinky, natural, straight</p>
<p><strong>Hair Conditions:</strong>  Dry, oily, damaged, brittle, breaking, split ends, healthy, chemically- and color-treated.</p>
<p><strong>Product Texture: </strong>Honey-like</p>
<p><strong>Aroma:</strong> Peppermint</p>
<p><strong>What it does not contain:</strong> <strong>No</strong> paraben, mineral oil, petrolatum, sulfates, phthalates, dyes, silicone, and gluten.</p>
<p><strong>The Direction for Use: </strong>Apply to wet hair and massage from roots to hair ends, concentrating on the ends and the scalp. Rinse thoroughly and repeat if necessary. Follow with Shea butter Treatment Conditioner.</p>
<p><strong>Ingredients</strong>:   De-ionized water, African Black Soap, Coco-Glucoside, Sodium Cocoate, Potassium Olivate, Sucrose Cocoate, Butyrospermum Parkii (Shea Butter), Vitamin E, Chamomile Recutita (Matricaria) Flower Extract, (Chamomile), Carmelia Sinesis (Japanese Green Tea) leaf extract, Peppermint.</p>
<p><strong>Size</strong>: 12oz/355ml</p>
<p>For bulk purchase,<a href=""https://allnaturalscosmetics.com/product/black-soap-shampoo-2/""> go here</a></p>",All Naturals Cosmetics,Family Hair Care,"Family Hair Care, Shampoos & Cleansers",true,Title,Default Title,,,,,,,deny,manual,13.00,,true,true,https://allnaturalscosmetics.com/wp-content/uploads/sbs3.jpg,1,Shea Butter Shampoo,active
shea-butter-shampoo,,,,,,,,,,,,,,,,,,,,,https://allnaturalscosmetics.com/wp-content/uploads/sbs1.jpg,2,Shea Butter Shampoo,
shea-butter-shampoo,,,,,,,,,,,,,,,,,,,,,https://allnaturalscosmetics.com/wp-content/uploads/sbs2.jpg,3,Shea Butter Shampoo,
hair-body-cleanser,Hair & Body Cleanser,"<p>Shea &#8220;All Naturals&#8221; <strong>Hair &amp; Body Cleanser</strong> is a two-in-one value-added cleanser enriched with Aloe Vera, Shea Butter, and Chamomile for hair and skin care. It is made of a tear-free, non-irritating natural cleansing base. With this natural wash, your baby and toddler will clean healthier and safer.</p>
<p><strong>Purpose:</strong></p>
<p>For washing babies and toddlers’ tender, sensitive skin and hair.</p>
<p><strong>Skin Condition:</strong> Normal, Oily, Dry.</p>
<p><strong>Product Texture: </strong>Gel-like</p>
<p><strong>Aroma:</strong> Unscented for your child&#8217;s delicate skin.</p>
<p><strong>What it does not contain: </strong>No paraben, mineral oil, petrolatum, sulfates, phthalates, dyes, silicone, and gluten.</p>
<p><strong>Direction for Use</strong>: Apply on a sponge, wash the baby or toddler well. Rinse thoroughly.</p>
<p><strong>Ingredients:</strong> Aloe Gel (De-mineralized Water, Xanthan Gum, Aloe), Sodium Cocoamphoacetate, Alkyl Polyglucosides, Cocamidopropyl Betaine, Ethylene Glycol Monostearate, Vegetable Glycerine, Sodium Chloride, Butyrospermum Parkii (Shea Butter), Chamomilla Recutita (Matricaria) Flower Extract (Chamomile), Salix Alba (White Willow) Bark Extract, Potassium Sorbate.</p>
<p><strong>Size</strong>: 8oz/255ml</p>",All Naturals Cosmetics,Babies & Toddlers,Babies & Toddlers,true,Title,Default Title,,,,,,,deny,manual,10.00,,true,true,https://allnaturalscosmetics.com/wp-content/uploads/babies-amp-toddlers/hair_body_cleanser.png,1,Hair & Body Cleanser,active
hair-body-cleanser,,,,,,,,,,,,,,,,,,,,,https://allnaturalscosmetics.com/wp-content/uploads/hbc.png,2,Hair & Body Cleanser,
combo-8-acne-be-gone,Combo 8-Acne Be Gone,,All Naturals Cosmetics,Combo Packages,Combo Packages,true,Title,Default Title,,,,,,,deny,manual,35.00,,true,true,https://allnaturalscosmetics.com/wp-content/uploads/combo-packages/combo_8-1.jpg,1,Combo 8-Acne Be Gone,active
combo-7-healing-oils-soaps,Combo 7- Healing oils & Soaps,,All Naturals Cosmetics,Combo Packages,Combo Packages,true,Title,Default Title,,,,,,,deny,manual,85.00,,true,true,https://allnaturalscosmetics.com/wp-content/uploads/combo-packages/combo_7-1.jpg,1,Combo 7- Healing oils & Soaps,active
combo-6-youthful-face-neck,Combo 6-Youthful Face & Neck,,All Naturals Cosmetics,Combo Packages,Combo Packages,true,Title,Default Title,,,,,,,deny,manual,55.00,,true,true,https://allnaturalscosmetics.com/wp-content/uploads/combo-packages/combo_6-1.jpg,1,Combo 6-Youthful Face & Neck,active
combo-5-ageless-carecombo-5-ageless-carecombo-pak-5-shea-love,Combo 5-Ageless Care,,All Naturals Cosmetics,Combo Packages,Combo Packages,true,Title,Default Title,,,,,,,deny,manual,60.00,,true,true,https://allnaturalscosmetics.com/wp-content/uploads/combo-packages/combo_5-1.jpg,1,Combo 5-Ageless Care,active
combo-3-argan-hair-body,Combo 3-Argan Hair & Body,,All Naturals Cosmetics,Combo Packages,Combo Packages,true,Title,Default Title,,,,,,,deny,manual,85.00,,true,true,https://allnaturalscosmetics.com/wp-content/uploads/combo-packages/combo_3a-1.jpg,1,Combo 3-Argan Hair & Body,active
combo-3-argan-hair-body,,,,,,,,,,,,,,,,,,,,,https://allnaturalscosmetics.com/wp-content/uploads/cahb1.jpg,2,Combo 3-Argan Hair & Body,
combo-2-baby-care,Combo 2- Baby Care,,All Naturals Cosmetics,Combo Packages,Combo Packages,true,Title,Default Title,,,,,,,deny,manual,35.00,,true,true,https://allnaturalscosmetics.com/wp-content/uploads/combo-packages/combo_3-1.jpg,1,Combo 2- Baby Care,active
combo-1-simply-loving-oils,Combo 1-Simply Loving oils,,All Naturals Cosmetics,Combo Packages,Combo Packages,true,Title,Default Title,,,,,,,deny,manual,100.00,,true,true,https://allnaturalscosmetics.com/wp-content/uploads/combo-packages/combo_1-1.jpg,1,Combo 1-Simply Loving oils,active
combo-10-healthy-nails-cuticles,Combo 10-Healthy Nails & Cuticles,,All Naturals Cosmetics,Combo Packages,Combo Packages,true,Title,Default Title,,,,,,,deny,manual,20.00,,true,true,https://allnaturalscosmetics.com/wp-content/uploads/combo-packages/combo_10-1-1.jpg,1,Combo 10-Healthy Nails & Cuticles,active
organic-argan-almond-olive-oils,Organic Argan/Almond/Olive oils,"<div>
<div>Every home must have- Argan oil, Almond oil and Olive oil.</div>
<div>A beautiful collection of oils for your family’s hair and skin care needs.</div>
<div>Rich in antioxidants, Vitamins A,B, C, D, E, and K; Iron, Calcium, Protein and Essential Fatty Acids including Omega 6; these oils will deliver a soft beautiful skin complexion and ease symptoms of dry skin, psoriasis  and eczema.</div>
<div>These oils will also help nourish your scalp and hair.</div>
<div> All Naturals is proud to present your family with our best.</div>
<div>Save when you purchase these amazing products  that are free of carcinogens.</div>
</div>
<div>
<p>Note: You can use oil as is or add drops to your favourite moisturizer or conditioner.</p>
<p>Size: 100ml/bottle</p>
</div>",All Naturals Cosmetics,Essential Oils & Fragrances,Essential Oils & Fragrances,true,Title,Default Title,,,,,,,deny,manual,75.00,,true,true,https://allnaturalscosmetics.com/wp-content/uploads/organic_argan_almond_olive-oils.jpg,1,Organic Argan/Almond/Olive oils,active
shea-butter-massage-oil,Shea Butter Massage Oil,"<p>Shea &#8220;All Naturals&#8221; <strong>Shea Butter Massage Oil</strong> has an incredibly smooth glide, is not greasy, and readily absorbs into the skin. Getting your partner or therapist to massage you with our minted massage oil will provide you with comfort from aching and sore muscles. It washes out easily and will not stain your clothing.</p>
<p><strong>Purpose:</strong></p>
<ol>
<li>For body moisturizing and massaging;</li>
<li>Provides relief against aching, sore muscles and feet;</li>
<li>Reduces discomfort from symptoms of eczema and psoriasis.</li>
</ol>
<p><strong>The Direction of Use</strong>: Apply and rub into the body as often as desired or needed.</p>
<p><strong>Note:</strong> Avoid contact with eyes.</p>
<p><strong>Ingredients</strong>: Carthamus Tinctorius, Capric/Caprylic Triglycerides Oil, Simmondsia Chinensis Seed Oil, Olea Europaea Oil, Butyrospermum Parkii, Citrus Grandis (Grapefruit) Seed Oil, Tocopherol Acetate,(Vitamin E), Mentha Piperita oil</p>
<p><strong>Size</strong>: 8oz/255ml</p>
<p>For bulk purchase, <a href=""https://allnaturalscosmetics.com/product/shea-butter-massage-body-oil/"">click here</a></p>",All Naturals Cosmetics,Butters & Moisturizers,"Butters & Moisturizers, Family Body Care",true,Title,Default Title,,,,,,,deny,manual,15.00,,true,true,https://allnaturalscosmetics.com/wp-content/uploads/sbmo1.jpg,1,Shea Butter Massage Oil,active
shea-butter-massage-oil,,,,,,,,,,,,,,,,,,,,,https://allnaturalscosmetics.com/wp-content/uploads/sbmo2.jpg,2,Shea Butter Massage Oil,
shea-butter-massage-oil,,,,,,,,,,,,,,,,,,,,,https://allnaturalscosmetics.com/wp-content/uploads/sbmo5.jpg,3,Shea Butter Massage Oil,
shea-butter-massage-oil,,,,,,,,,,,,,,,,,,,,,https://allnaturalscosmetics.com/wp-content/uploads/sbmo4.jpg,4,Shea Butter Massage Oil,
shea-butter-massage-oil,,,,,,,,,,,,,,,,,,,,,https://allnaturalscosmetics.com/wp-content/uploads/sbmo3.jpg,5,Shea Butter Massage Oil,
shea-butter-moisturizer-2,Shea Butter Moisturizer,"<p>Shea &#8220;All Naturals&#8221; Shea Butter Moisturizer has been helping Canadian families since 2002. It is rich in Organic Shea Butter, Cocoa Butter and as such loaded naturally with essential vitamins and fatty acids to improve skin condition from dry, patchy, flaky to well moistured, healthy skin! Many users of our Shea Butter Moisturizer testified to improved skin conditions. Why not try it for yourself?</p>
<p><strong>Purpose:</strong></p>
<ol>
<li>Deeply softens and replenishes lost moisture;</li>
<li>Relieves dry, itchy, patchy skin conditions without leaving film, greasiness, or residue;</li>
<li>Reduces the appearance of patchy, uneven skin conditions.</li>
</ol>
<p>The product is safe for use by the whole family including men and babies.</p>
<p><strong>Skin Conditions:</strong> Normal, Dry, Oily, extremely dry, scaly, flaky, chapped, eczema, symptoms of psoriasis</p>
<p><strong>Texture: </strong>Creamy</p>
<p><strong>Aroma: Floral Knowing</strong></p>
<p><strong>What it does not contain:</strong> Parabens, Hexanes, harmful preservatives, silicone</p>
<p><strong><br />
The Direction of Use</strong>: Wash with Shea Butter Body Wash or another cleanser of your preference. Rinse well and pat dry. Rub Shea Butter Moisturizer into the skin. It can be used day or night times, in all seasons or weather conditions.</p>
<p><strong>Ingredients</strong>:  Aqua(De-ionized Water),<span lang=""EN""> Butyrospermum Parkii (Shea) Butter, Theobroma Cocao (Cocoa) Butter, Vegetable Glycerine, Emulsifying wax NF, Stearate Acid, Cetyl Alcohol, Aqua (and) Sodium Benzoate (and) Potassium Sorbate, Aroma.</span><br />
<strong><br />
Size</strong>: 12oz/355ml</p>
<p>For bulk purchase, <a href=""https://allnaturalscosmetics.com/product/shea-butter-moisturizer/"">click here</a></p>",All Naturals Cosmetics,Butters & Moisturizers,"Butters & Moisturizers, Family Body Care, Men",true,Title,Default Title,,,,,,,deny,manual,15.00,,true,true,https://allnaturalscosmetics.com/wp-content/uploads/sbm4.jpg,1,Shea Butter Moisturizer,active
shea-butter-moisturizer-2,,,,,,,,,,,,,,,,,,,,,https://allnaturalscosmetics.com/wp-content/uploads/sbm1.jpg,2,Shea Butter Moisturizer,
shea-butter-moisturizer-2,,,,,,,,,,,,,,,,,,,,,https://allnaturalscosmetics.com/wp-content/uploads/sbm3.jpg,3,Shea Butter Moisturizer,
shea-butter-moisturizer-2,,,,,,,,,,,,,,,,,,,,,https://allnaturalscosmetics.com/wp-content/uploads/sbm2.jpg,4,Shea Butter Moisturizer,
shea-butter-with-olive-oil-2,Shea Butter with Olive Oil,"<p>Our Shea Butter with Olive Oil has 4 amazing ingredients- <strong>Shea Butter, Olive Oil, Aloe Vera, and Lemongrass</strong> and each ingredient has its unique purpose! Olive Oil to combat excessive dry skin, Lemongrass to repel mosquitoes especially during those summer months, Aloe Vera to provide softening properties to those very hard callouses, and the Shea Butter with its vitamins and essential fatty acids, to replenish, revive and renew your skin. This product will soothe, moisturize, protect and safeguard your skin against environmental elements.  Our Shea Butter is ethically sourced and sustainably produced, and designed to support most skin needs.</p>
<p><strong> Purpose:</strong> For hair, scalp, and skin moisturizing</p>
<p><strong>Skin Conditions:</strong> Normal, dry, oily</p>
<p><strong>Aroma:</strong> Lemongrass essential oil</p>
<p><strong>Product Texture:</strong> Buttery</p>
<p><strong>What it does not contain:</strong> Parabens, solvents, harmful preservatives, mineral oil, paraffin, petrolatum, silicones, and fillers.</p>
<p><strong>The Direction of Use</strong>: After hand or body washing, rub between the palms and apply on the skin. This product can be used day and night time.<br />
<strong><br />
Ingredients</strong>: 100% unrefined, unbleached, Organic Shea Butter, Olive oil, Lemongrass, and Aloe Vera. The color of this product may vary from creamy ivory to light yellow due to the time of harvest.</p>
<p><strong>Size</strong>: 4oz/125ml</p>
<p>For bulk purchase, <a href=""https://allnaturalscosmetics.com/product/shea-butter-with-olive-oil/"">go here</a></p>",All Naturals Cosmetics,Butters & Moisturizers,"Butters & Moisturizers, Family Body Care, Men",true,Title,Default Title,,,,,,,deny,manual,15.00,,true,true,https://allnaturalscosmetics.com/wp-content/uploads/sboo1.jpg,1,Shea Butter with Olive Oil,active
shea-butter-with-olive-oil-2,,,,,,,,,,,,,,,,,,,,,https://allnaturalscosmetics.com/wp-content/uploads/sboo2.jpg,2,Shea Butter with Olive Oil,
shea-butter-with-olive-oil-2,,,,,,,,,,,,,,,,,,,,,https://allnaturalscosmetics.com/wp-content/uploads/sboo3.jpg,3,Shea Butter with Olive Oil,
whole-shea-butter,Whole Shea Butter,"<p>Our Whole Shea Butter is the same as our <a href=""https://www.allnaturalskincare.ca/shop/body-care/100-pure-shea-butter-unrefined-unbleached/"">100% Pure Shea Butter</a> but with improved packaging. This butter is native to West Africa and has been proven to:</p>
<ol>
<li>Alleviate chapping, cracking, itching, redness, rashes, and dryness;</li>
<li>Protect against the potential abuse/stress from harsh weather conditions;</li>
<li>Soften, dry, scaly skin;</li>
<li>Moisturize and improve skin elasticity;</li>
<li>Prevent the development of pregnancy-induced stretch-marks and scars;</li>
<li>Reduce the symptoms of Psoriasis, eczema.</li>
</ol>
<p><strong>Warning</strong>: Shea Butter is planted nut butter. If allergy is feared, seek your doctor’s opinion and do a patch test before using it all over the body.</p>
<p><strong>The Direction for Use</strong>: Wash the face/body with our moisturizing Shea butter Face/Body Wash. Rinse well and pat dry. Follow with the Whole Shea Butter. Could be used on the face and whole body.</p>
<p><strong>Ingredients</strong>: Organic Shea Butter<br />
<strong><br />
Size</strong>: 4oz/125ml</p>",All Naturals Cosmetics,Butters & Moisturizers,"Butters & Moisturizers, Family Body Care",true,Title,Default Title,,,,,,,deny,manual,15.00,,true,true,https://allnaturalscosmetics.com/wp-content/uploads/wsb.jpg,1,Whole Shea Butter,active
cocoa-shea-butter,Cocoa-Shea Butter,"<p>Kiss ashy, dry, flaky, and thirsty skin goodbye and welcome a smooth, hydrated complexion with our 100% Cocoa-Shea Butter.  Daily use will bring your skin lasting wellness and suppleness,<strong> visibly improving your skin&#8217;s elasticity and reducing the appearance of stretch marks</strong>. Rub daily all over the body before, during, and after pregnancy to prevent pregnancy-related stretch marks. Product is also recommended for stretch marks associated with weight fluctuations and for general family use.</p>
<p><strong>Purpose:</strong></p>
<ol>
<li>For a blemish-free, succulent, glowing complexion;</li>
<li>To reduce the appearance of stretch marks, blemishes, scars, and other unsightly marks;</li>
<li>To support graceful aging by reducing the appearance of lines and wrinkles;</li>
<li>Prevention of stretch marks;</li>
<li>For all-year-round skincare.</li>
</ol>
<p><strong>Skin Conditions:</strong> Normal, extremely dry, scaly, flaky, chapped, eczema, and symptoms of psoriasis.</p>
<p><strong>Product Texture: </strong>Soft buttery</p>
<p><strong>Aroma:</strong> Cocoa Butter</p>
<p><strong>What it does not contain:</strong> No solvent for extraction, preservatives, mineral oil, paraffin, petrolatum.</p>
<p><strong>Direction for Use</strong>: After hand or body washing, rub between the palms and apply on the skin. This product can be used day or night and during all seasons and weather. It is definitely a must in the Fall and Winter Seasons as it shields the skin from the harsh cold weather while depositing essential nutrients including Calcium, Protein, Iron, vitamins A, B, C, D, E, and K into the skin.  It is very light and easy to apply.<strong> </strong></p>
<p><strong>Ingredients:</strong> Organic Shea Butter, Organic Cocoa Butter, Olive oil, Safflower oil, Sweet Almond oil, Grapefruit Seed Oil, Cocoa-butter aroma.</p>
<p>The color of this product may vary slightly from batch to batch due to the time of harvest of Shea Butter.</p>
<p><strong>Size</strong>: 8oz/255ml</p>
<p>For bulk purchase, <a href=""https://allnaturalscosmetics.com/product/cocoa-shea-butter-2/"">go here</a></p>",All Naturals Cosmetics,Butters & Moisturizers,"Butters & Moisturizers, Family Body Care, Men",true,Title,Default Title,,,,,,,deny,manual,20.00,,true,true,https://allnaturalscosmetics.com/wp-content/uploads/csb1.jpg,1,Cocoa-Shea Butter,active
cocoa-shea-butter,,,,,,,,,,,,,,,,,,,,,https://allnaturalscosmetics.com/wp-content/uploads/csb4.jpg,2,Cocoa-Shea Butter,
cocoa-shea-butter,,,,,,,,,,,,,,,,,,,,,https://allnaturalscosmetics.com/wp-content/uploads/csb3.jpg,3,Cocoa-Shea Butter,
cocoa-shea-butter,,,,,,,,,,,,,,,,,,,,,https://allnaturalscosmetics.com/wp-content/uploads/csb2.jpg,4,Cocoa-Shea Butter,
cocoa-shea-butter,,,,,,,,,,,,,,,,,,,,,https://allnaturalscosmetics.com/wp-content/uploads/csbredone.png,5,Cocoa-Shea Butter,
argan-oil-body-butter,Argan oil Body Butter,"<p>Shea &#8220;All Naturals&#8221; Argan Oil Body Butter is made with 100% organic Argan oil native to Morocco, North Africa which is rich in essential fatty acids, phenols, phenolic acids, and squalene. With Cocoa Butter, Shea Butter, Castor Oil, and other nourishing ingredients added, our Argan Oil Body Butter boasts of Vitamins, Iron, Calcium, and Protein &amp; Oleic properties to deeply moisturize,  nourish, and rejuvenate the skin.</p>
<p><strong>Purpose:</strong></p>
<ol>
<li>Revives, moisturizes, and soothes dry, itchy, rough skin (including feet);</li>
<li>Penetrates quickly to lock in moisture and combat irritated skin;</li>
<li>Improves skin elasticity to ensure a more youthful appearance;</li>
<li>A great remedy for cold-weather skincare;</li>
<li>Supports itching, and blemished skin conditions.</li>
</ol>
<p><strong>Skin Conditions:</strong> Normal, extremely dry, scaly, flaky, chapped, eczema, and symptoms of psoriasis.</p>
<p><strong>Product Texture: </strong>Soft buttery</p>
<p><strong>Aroma:</strong> Butterscotch</p>
<p><strong>What it does not contain:</strong> No solvent for extraction, preservatives, mineral oil, paraffin, petrolatum.</p>
<p><strong>The Direction for Use: </strong>Apply Argan Oil Body Butter to skin after bath or shower. Use also before and after swimming to keep skin supple and well-moistured.</p>
<p><strong>Ingredients: Aqua,</strong> Argania Spinosa (Argan) Oil, Theobroma Cacao (Cocoa) Seed Butter, Butyrospermum Parkii (Shea Butter), Vegetable Glycerin, Cetyl Alcohol (Coconut derived),  Glyceryl Mono Stearate, Essential Oil (Butterscotch)</p>
<p><strong>Size</strong>: 8oz/250ml</p>
<p>Purchase bulk, <a href=""https://allnaturalscosmetics.com/product/100-organic-argan-oil/"">click here</a></p>",All Naturals Cosmetics,Butters & Moisturizers,"Butters & Moisturizers, Family Body Care",true,Title,Default Title,,,,,,,deny,manual,15.00,,true,true,https://allnaturalscosmetics.com/wp-content/uploads/aobb1.jpg,1,Argan oil Body Butter,active
argan-oil-body-butter,,,,,,,,,,,,,,,,,,,,,https://allnaturalscosmetics.com/wp-content/uploads/aobb2.jpg,2,Argan oil Body Butter,
100-pure-shea-butter-2,100% Pure Shea Butter,"<p><em>Unrefined, Unbleached, and Organic, o</em>ur <strong>100% Pure Shea Butter</strong> is sustainably and ethically sourced from the women-run Shea butter industry in Apaola, Nigeria, West Africa. More recently, we added Ghana to our source. Our story truly starts with this one product- between 2000 and 2002, many of the clientele visiting Afrikan Beauty supplies and salon co-owned by  Timothy and Lanre were asking about a natural alternative to processed skincare products- they wanted wholesome products that are natural and will provide healthy food for their skin- to even-tone, clear imperfections, and deeply moisturizes. They are tired of additives and chemicals that many products they are currently using are laden with.</p>
<p>Timothy and Lanre thought deep about the request and in 2002, traveled down to their birth country of Nigeria to bring the pure shea butter into the Canadian market and their brand- Shea &#8220;All Naturals&#8221; 100% Pure Shea Butter became the first pure, unrefined shea butter sold in Canadian mass stores.</p>
<p><strong>Purpose:</strong></p>
<ul>
<li>Has anti-inflammatory and anti-microbial properties;</li>
<li>Reduces the appearance of fine lines, wrinkles, scars, psoriasis, eczema, and discoloration;</li>
<li>Provides mild sun protection (SPF 6).</li>
</ul>
<p>Quite honestly, we believe it is magic in a jar. Read more about the <a href=""https://allnaturalscosmetics.com/2021/06/16/the-benefits-of-shea-butter/""><u>benefits of Shea butter here</u></a> on our blog.</p>
<p><strong>Skin Condition:</strong> Normal, oily, dry.</p>
<p><strong>Aroma:</strong> Unscented</p>
<p><strong>Product texture:</strong> Buttery</p>
<p><strong>What it does not contain:</strong> No solvent for extraction, preservatives, mineral oil, paraffin, petrolatum</p>
<p><strong>Ingredients:</strong> 100% pure, organic Shea Butter</p>
<p><strong>The Direction for use:  </strong>Use it as a daily moisturizer – on all of your body parts</p>
<ol>
<li style=""list-style-type: none"">
<ol>
<li>Apply after a wash or shower or at any time of the day to prevent dry skin conditions</li>
<li>Apply directly to the scalp for itchy scalp and dandruff</li>
<li>Apply directly to the ends of your hair to reduce split ends and breakage</li>
<li>Use it as the perfect foot cream for cracked, dry heels</li>
<li>Apply to reduce the appearance of sunburn, heat burn and to provide insect bite relief</li>
<li>Apply as a night cream for a more supple well-moistured skin</li>
</ol>
</li>
</ol>
<p>Find out how our <strong>100% Pure Shea Butter</strong> can solve all of your <a href=""https://allnaturalscosmetics.com/2021/07/14/shea-in-the-summer/""><u>summer skin problems.</u></a></p>
<p>After trying our <strong>100% Pure Shea Butter</strong>, you’ll understand why it’s our most popular product. Discover our world of Shea butter products. Try our Shea butter <a href=""https://allnaturalscosmetics.com/product/shea-butter-shampoo/""><u>shampoo</u></a>, <a href=""https://allnaturalscosmetics.com/product/shea-butter-treatment-conditioner/""><u>treatment conditioner</u></a>, and <a href=""https://allnaturalscosmetics.com/product/shea-butter-nail-cuticle-remedy/""><u>nail and cuticle remedy cream</u></a>. If you like your products to multi-task, check out our popular <a href=""https://allnaturalscosmetics.com/product/cocoa-shea-butter/""><u>Cocoa-Shea Butter</u></a> and our <a href=""https://allnaturalscosmetics.com/product/shea-butter-with-olive-oil-2/""><u>Shea Butter with Olive Oil</u></a>.</p>
<p>We also offer <a href=""https://allnaturalscosmetics.com/product/100-pure-shea-butter/"">shea butter<u> in bulk size</u></a>, and we offer <a href=""https://allnaturalscosmetics.com/services/""><u>customized private labeling services</u></a> for entrepreneurs and businesses of all sizes.</p>
<p>We are proudly Canadian.</p>",All Naturals Cosmetics,Butters & Moisturizers,"Butters & Moisturizers, Family Body Care",true,Title,Default Title,,,,,,,deny,manual,15.00,,true,true,https://allnaturalscosmetics.com/wp-content/uploads/Shea-Butte1.jpg,1,100% Pure Shea Butter,active
100-pure-shea-butter-2,,,,,,,,,,,,,,,,,,,,,https://allnaturalscosmetics.com/wp-content/uploads/Shea-Butte3.jpg,2,100% Pure Shea Butter,
100-pure-shea-butter-2,,,,,,,,,,,,,,,,,,,,,https://allnaturalscosmetics.com/wp-content/uploads/Shea-Butte2.jpg,3,100% Pure Shea Butter,
100-pure-shea-butter-2,,,,,,,,,,,,,,,,,,,,,https://allnaturalscosmetics.com/wp-content/uploads/Shea-Butte4.jpg,4,100% Pure Shea Butter,
body-and-bum-butter,Body and Bum Butt,"<p>Shea &#8220;All Naturals&#8221; <strong>Baby and Toddler Body and Bum Butter</strong> is as simple as your child&#8217;s skin! It contains Organic Shea Butter, Jojoba Oil, Meadowfoam Sead Oil, Coconut Oil, Olive Oil, and Vitamin E for extra preservation. We raised our children using this butter between diaper changes and moisturizing their whole body and it worked for us! We do not believe in introducing children to chemically laden products. The environment is already laden with so many impurities, you can do your children some good by using our wholesome Shea &#8220;All Naturals&#8221; Baby and Toddler products on them. You will not be disappointed! Remember that a &#8220;Health Bum Baby is a Happy Baby&#8221;.</p>
<p><strong>Purpose:</strong></p>
<ol>
<li> Itchy, dry skin and diaper care;</li>
<li>Total body moisturizing.</li>
</ol>
<p><strong>Skin type:</strong> Baby, Toddlers, Children, dry, oily, normal</p>
<p><strong>Aroma: </strong>French Lavender</p>
<p><strong>What it does not contain:</strong> <strong>No</strong> Alcohol, parabens, petrolatum, mineral oil, paraffin, harsh preservatives, Zinc Oxide.</p>
<p><strong>The Direction for Use</strong>: Wash the baby or toddler’s body &amp; bum. Rub the butter all over the body and bum. To prevent diaper rashes, always rinse the bum with warm water as many times as possible rather than using alcohol-laden wipes. Air out the baby’s bum whenever possible and rub the bum butter liberally after each diaper change or bath.</p>
<p><strong>Ingredients: </strong>Butyrospermum Parkii (Organic Shea Butter), Carthamustinctorius (Safflower) Seed Oil,  Olea Europea (Extra Virgin Olive) Fruit Oil, Capric/Caprylic Triglycerides (oil), Simmondsia Chinensis (Jojoba) Oil, Limnanthes Alba (Meadowfoam) Seed Oil, Tocopherol (Vitamin E), Aroma.</p>
<p><strong>Size</strong>: 4oz/125ml</p>",All Naturals Cosmetics,Babies & Toddlers,Babies & Toddlers,true,Title,Default Title,,,,,,,deny,manual,12.00,,true,true,https://allnaturalscosmetics.com/wp-content/uploads/babies-amp-toddlers/baby_bum.png,1,Body and Bum Butt,active
all-over-oil,All-Over Oil,"<p>Shea &#8220;All Naturals&#8221; <strong>All-Over Oil</strong> is specially made with nature&#8217;s best oils including Olive, Almond, organic Shea Butter, Meadowfoam, Coconut, and Chamomile to hydrate and soothe babies&#8217; and toddlers&#8217; delicate skin. It is fast-absorbing providing food nutrients to the skin.</p>
<p><strong>Purpose:</strong></p>
<ol>
<li>Reduces the symptoms of dry, itchy skin conditions;</li>
<li>Keeps babies’ and toddlers’ skin moisturized, healthy, and well-nourished.</li>
</ol>
<p><strong>Skin type:</strong> Baby, Toddlers, Children, dry, oily, normal</p>
<p><strong>Aroma: </strong>Unscented. Use as unscented or add your preferred essential oil.</p>
<p><strong>What it does not contain:</strong> <strong>No</strong> Alcohol, parabens, petrolatum, mineral oil, paraffin, harsh preservatives.</p>
<p><strong>The Direction for Use</strong>: Using firm but gentle strokes, massage a small amount of Shea &#8220;All Naturals&#8221; <strong>All-Over Oil</strong> into the baby&#8217;s and toddler’s skin and hair. Could be applied to dry or damp skin and hair as many times a day as desired. It is non-greasy and will not clog pores.</p>
<p><strong>Ingredients</strong>: Carthamustinctorius (Safflower) seed oil, Olea Europea (Olive) fruit oil, Chamomila Recutita Matricaria flower extract ( Chamomile), Calendula, Capric/Caprylic Triglycerides (Coconut oil), Butyrospermum parkii (Shea Butter), Prunus Amygdalus Dulcis (Sweet Almond oil), Cocos Nucifera (Coconut oil), Tocopherol(Vitamine E), Limnanthes Alba (Meadowfoam) Seed oil</p>
<p><strong>Size</strong>: 8oz/255ml</p>",All Naturals Cosmetics,Babies & Toddlers,Babies & Toddlers,true,Title,Default Title,,,,,,,deny,manual,15.00,,true,true,https://allnaturalscosmetics.com/wp-content/uploads/aoo1.jpg,1,All-Over Oil,active
all-over-oil,,,,,,,,,,,,,,,,,,,,,https://allnaturalscosmetics.com/wp-content/uploads/aoo3.jpg,2,All-Over Oil,
all-over-oil,,,,,,,,,,,,,,,,,,,,,https://allnaturalscosmetics.com/wp-content/uploads/aoo2.jpg,3,All-Over Oil,
all-over-oil,,,,,,,,,,,,,,,,,,,,,https://allnaturalscosmetics.com/wp-content/uploads/aoo4.jpg,4,All-Over Oil,
100-pure-virgin-olive-oil,100% Pure Virgin Olive Oil,"<p>Shea &#8220;All Naturals&#8221; 100% Pure Virgin Olive Oil is extra-virgin, has rich antioxidants, absorbs fast and cold-pressed, providing protection from sun damage and preventing inflammations and scarring. Our brand is light and rich in mono-unsaturated Omega 9 fatty acid, it readily absorbs into the hair, scalp, and skin. It has naturally occurring Vitamin E and anti-inflammatory, cell rebuilding, and conditioning properties ideal for both hair and skincare. Olive oil is also known for its anti-aging properties and can be used both day and night times.</p>
<p><strong>Purpose:</strong></p>
<ol>
<li>Softens dry scaly skin and scalp;</li>
<li>Provides improvement to dark circles, fine lines, and under-eye dryness;</li>
<li>Prevent shaving bumps;</li>
<li>Improve skin texture;</li>
<li>Tame dry frizzy hair;</li>
<li>Provide some protection against UVB rays.</li>
</ol>
<p><strong>Skin Conditions:</strong> Normal, Dry, extremely dry, scaly, flaky, chapped, eczema, and symptoms of psoriasis.</p>
<p><strong>Hair Types:</strong> All hair types and textures (curly, wave, kinky, natural, chemically-treated, and colored).</p>
<p><strong>Hair Conditions:</strong> Dry, damaged, brittle, breaking, split ends, healthy</p>
<p><strong>Product Texture:</strong> Liquid oil</p>
<p><strong>Aroma:</strong> Lavender essential oil</p>
<p><strong>Note:</strong> This product can be used on its own or added to skin/hair care products!</p>
<p><strong>The direction of use:</strong></p>
<p><strong>Hair Care</strong>-You may apply to wet or dry hair. It could be used on its own or added to your favorite hair conditioner or hairdresser</p>
<p><strong>Skin Care-</strong> You may use it as a skin conditioner or mix it with your favorite skin moisturizer</p>
<p><strong>Ingredients:</strong> 100% Virgin Olive oil, Lavender essential oil</p>
<p><strong>Size:</strong> 100ml</p>",All Naturals Cosmetics,Butters & Moisturizers,"Butters & Moisturizers, Family Body Care, Family Hair Care, Hair oils / Lotions & Sprays",true,Title,Default Title,,,,,,,deny,manual,15.00,,true,true,https://allnaturalscosmetics.com/wp-content/uploads/pvo1.jpg,1,100% Pure Virgin Olive Oil,active
100-pure-virgin-olive-oil,,,,,,,,,,,,,,,,,,,,,https://allnaturalscosmetics.com/wp-content/uploads/pvo5.jpg,2,100% Pure Virgin Olive Oil,
100-pure-virgin-olive-oil,,,,,,,,,,,,,,,,,,,,,https://allnaturalscosmetics.com/wp-content/uploads/pvo4.jpg,3,100% Pure Virgin Olive Oil,
100-pure-virgin-olive-oil,,,,,,,,,,,,,,,,,,,,,https://allnaturalscosmetics.com/wp-content/uploads/pvo3.jpg,4,100% Pure Virgin Olive Oil,
100-pure-virgin-olive-oil,,,,,,,,,,,,,,,,,,,,,https://allnaturalscosmetics.com/wp-content/uploads/pvo2.jpg,5,100% Pure Virgin Olive Oil,
100-organic-argan-oil-2,100% Organic Argan Oil,"<p><strong>Shea &#8220;All Naturals&#8221; </strong>Argan Oil is vegan, cold-pressed, non-GMO, and organic. Naturally rich in antioxidants especially Vitamin E (twice as Olive oil), essential fatty acids- especially Omega 6 and carotenes, our certified organic Moroccan Argan oil absorbs easily and is non-greasy. You will find Moroccans slathering this oil on their skin, hair, nails, and their babies for a full-body pampering experience.</p>
<p><b>Purpose:</b></p>
<ol>
<li>To ease dry skin, hair and scalp, acne, psoriasis, eczema, and other dermatitis;</li>
<li>Contains saponins and phytosterols- as such it supports skin regeneration and restores the skin’s water lipid layer thereby minimizing the appearance of wrinkles, and softening cuticles, hands, and feet skin;</li>
<li>Due to its anti-aging properties, it improves skin elasticity;</li>
<li>Due to its softening properties, it provides the benefits of a hair conditioner.</li>
</ol>
<p><strong>Skin Conditions:</strong> Normal, Dry, extremely dry, scaly, flaky, chapped, eczema, symptoms of psoriasis, etc.</p>
<p><strong>Hair Types:</strong> All hair types and textures (curly, wave, kinky, natural, chemically-treated, and colored).</p>
<p><strong>Hair Conditions:</strong> Dry, damaged, brittle, breaking, split ends, healthy</p>
<p><strong>Texture: </strong>Liquid oil</p>
<p><strong>Aroma: </strong>Unscented</p>
<p><strong>What it does not contain:</strong> Parabens, Hexanes, harmful preservatives, fragrances</p>
<p><strong>The Direction For Use:</strong></p>
<p><strong>Daily Hair Care- </strong>Argan oil is proven to make hair softer and silkier. It could be used on its own or added to your favorite hair conditioner or hairdresser. You may apply to wet or dry hair.</p>
<p><strong>Daily Skin Care-</strong> Wash with our Shea Butter Body Wash or any of our bars. Pat skin dry and apply liberally all over the skin. You may also mix with other oils or lotion before applying it to the skin. For <strong>face care,</strong> we recommend applying a few drops to your face and neck both day and night time using gentle rubbing motions.</p>
<p><strong>Ingredient:</strong> 100% Organic Argan oil</p>
<p><strong>Size:</strong> 100ml</p>
<p><strong>For bulk purchase, <a href=""https://allnaturalscosmetics.com/product/100-organic-argan-oil/"">go here</a></strong></p>",All Naturals Cosmetics,Butters & Moisturizers,"Butters & Moisturizers, Eye & Facial Moisturizers/Creams, Family Body Care, Family Hair Care, Hair oils / Lotions & Sprays, front_spec_may2022",true,Title,Default Title,,,,,front_spec_may2022,,deny,manual,30.00,,true,true,https://allnaturalscosmetics.com/wp-content/uploads/oao2.jpg,1,100% Organic Argan Oil,active
100-organic-argan-oil-2,,,,,,,,,,,,,,,,,,,,,https://allnaturalscosmetics.com/wp-content/uploads/oao5.jpg,2,100% Organic Argan Oil,
100-organic-argan-oil-2,,,,,,,,,,,,,,,,,,,,,https://allnaturalscosmetics.com/wp-content/uploads/oao4.jpg,3,100% Organic Argan Oil,
100-organic-argan-oil-2,,,,,,,,,,,,,,,,,,,,,https://allnaturalscosmetics.com/wp-content/uploads/oao1.jpg,4,100% Organic Argan Oil,
100-organic-argan-oil-2,,,,,,,,,,,,,,,,,,,,,https://allnaturalscosmetics.com/wp-content/uploads/oao3.jpg,5,100% Organic Argan Oil,
100-organic-argan-oil-2,,,,,,,,,,,,,,,,,,,,,https://allnaturalscosmetics.com/wp-content/uploads/product_131-1.jpeg,6,100% Organic Argan Oil,
skin-renewal-facial-cream,Skin Renewal Facial Cream,"<p>Our skin renewal facial cream is all-natural and made to smooth the look of lines and wrinkles while improving uneven skin tones as well as skin elasticity. Made with Dulse seaweed active components, it possesses amazing minerals, vitamins, antioxidants, and fatty acids to calm, moisturize and repair your skin. Shea &#8220;All Naturals&#8221; Skin Renewal Facial Cream is made for both the young and the matured and can be used both day and night times.</p>
<p><strong>Purpose:</strong></p>
<ol>
<li>To visibly reduce early signs of aging;</li>
<li>To replenish lost moisture;</li>
<li>To rejuvenate the skin;</li>
<li>To relax facial muscles and reduce the appearance of lines and wrinkles.</li>
</ol>
<p><strong>Skin Conditions: </strong>Sensitive, Normal, Dry, Oily</p>
<p><strong>Skin Age:</strong> All ages</p>
<p><strong>Product Texture:</strong> Creamy</p>
<p><strong>Aroma:</strong> Hybiscus</p>
<p><strong>What it does not contain: </strong>Parabens, harmful preservatives, mineral oil, paraffin, petrolatum.</p>
<p><strong>The Direction for Use: </strong>Wash with our Shea Butter Facial Wash or your preferred facial wash. Pat dry and apply a pea-sized portion of the skin renewal facial cream all over the face concentrating more around the eye and mouth area.</p>
<p><strong>Ingredients:</strong><br />
Water/Aqua, Butyrospermum Parkii (Organic Shea Butter), Cocoa Butter, Emulsifying Wax NF, Stearic Acid, Olive Oil, Glyceryl Stearate, Palmitoyl Pentapeptide-4 (Matrixyl- Dulce Sea Weed derived), Tocopherol (Vitamin E), Hydroxypropyl Cellulose (sugar derived), Aloe Vera leaf juice, Potassium Sorbate, Grapefruit Seed Extract, Grape Seed Oil, Hybiscus</p>
<p><strong>Size: </strong>2oz/60ml</p>
<p>For bulk purchase, <a href=""https://allnaturalscosmetics.com/product/skin-renewal-facial-cream-2/"">click here</a></p>",All Naturals Cosmetics,Eye & Facial Moisturizers/Creams,"Eye & Facial Moisturizers/Creams, Family Face Care",true,Title,Default Title,,,,,,,deny,manual,20.00,,true,true,https://allnaturalscosmetics.com/wp-content/uploads/srfc1.jpg,1,Skin Renewal Facial Cream,active
skin-renewal-facial-cream,,,,,,,,,,,,,,,,,,,,,https://allnaturalscosmetics.com/wp-content/uploads/srfc4.jpg,2,Skin Renewal Facial Cream,
skin-renewal-facial-cream,,,,,,,,,,,,,,,,,,,,,https://allnaturalscosmetics.com/wp-content/uploads/srfc3.jpg,3,Skin Renewal Facial Cream,
skin-renewal-facial-cream,,,,,,,,,,,,,,,,,,,,,https://allnaturalscosmetics.com/wp-content/uploads/srfc2.jpg,4,Skin Renewal Facial Cream,
black-soap-aloe-wash,Black Soap & Aloe Wash,"<p>Black Soap &amp; Aloe Wash is a gentle cleanser formulated entirely with ingredients from the tropical rain forest to:</p>
<ol>
<li>Remove excess oil, dirt, makeup without stripping your skin of natural moisture;</li>
<li>Support restoration of skin from bleaching creams and chemicals;</li>
<li>Improve skin tone and complexion.</li>
</ol>
<p><strong>Direction for Use</strong>: This is a low viscous wash. Shake well and apply to a wet sponge. Wash face and body with sponge and rinse well. Follow with facial cream and body cream/lotion/butter.</p>
<p><strong>Ingredients:</strong> Water, Milled native black soap, Citrus juices, Osun, Natural honey, Aloe Vera and Shea butter</p>",All Naturals Cosmetics,Bulk-Bath & Body,Bulk-Bath & Body,true,Size,50lbs,,,,,,,deny,manual,180.00,,true,true,https://allnaturalscosmetics.com/wp-content/uploads/Black-Soap-Aloe-Wash.png,1,Black Soap & Aloe Wash,active
black-soap-aloe-wash,,,,,,,,25lbs,,,,,,,deny,manual,90.00,,true,true,,,,
black-soap-aloe-wash,,,,,,,,Gallon,,,,,,,deny,manual,65.00,,true,true,,,,
babassu-natural-butter-2,Babassu Natural Butter,"<p>Extracted from the <strong>Babassu palm of the Amazon Rain Forest</strong>, Babassu Oil also known as <strong>Cusi </strong>is a clear, yellow liquid oil similar to Argan Oil but with the chemical composition of Coconut Oil. Shea &#8220;All Naturals&#8221; Babassu Natural oil is cold-pressed, has superior emollient and provides lush hydration that is beneficial to both dry and oily complexions.  In regions where it is native, Babassu is consumed as food and contains about 70% lipid which is essential to reducing dry skin conditions. The science of Babassu is based on the fact that it has the ability to balance the moisture level of the skin, and hence revitalize dull skin into a robust healthy complexion as it gently moisturizes the skin without leaving an oily residue. Use daily and watch your skin glow!</p>
<p><strong><em> </em>Purpose:</strong></p>
<ol>
<li>Reveals clearer and brighter, healthier, more supple, and even-toned complexion;</li>
<li>Balances skin moisture regardless of weather conditions;</li>
<li>Revitalizes dull skin complexion;</li>
<li>Reduces signs of aging including lines and wrinkles;</li>
<li>Reduces the appearance of marks, blemishes, scars, burns, and spots;</li>
<li>As hair oil, it ensures radiant, soft, and well-conditioned tresses.</li>
</ol>
<p><strong>Skin Conditions:</strong> Normal, Dry, extremely dry, scaly, youthful, maturing, flaky, chapped, eczema, and symptoms of psoriasis.</p>
<p><strong>Hair Types:</strong> All hair types and textures (curly, wave, kinky, natural, chemically-treated, and colored).</p>
<p><strong>Hair Conditions:</strong> Dry, damaged, brittle, breaking, split ends, healthy</p>
<p><strong>Product Texture:</strong> Soft butter</p>
<p><strong>Aroma:</strong> Orange and Hybiscus</p>
<p><strong>The Direction for Use:</strong> For external use only. Apply to hair, scalp, face, neck, and whole body as often as preferred.</p>
<p><strong>Ingredients:</strong> Organic Babassu Oil, Organic Argan Oil, Organic Cocoa Butter, Capric/Caprylic Triglycerides (Fractionated Coconut Oil), Essential Oil.</p>",All Naturals Cosmetics,Bulk- Face Care,"Bulk- Face Care, Bulk-Bath & Body",true,Size,50lbs,,,,,,,deny,manual,4500.00,,true,true,https://allnaturalscosmetics.com/wp-content/uploads/Babassu-Natural-Butter.png,1,Babassu Natural Butter,active
babassu-natural-butter-2,,,,,,,,25lbs,,,,,,,deny,manual,2500.00,,true,true,,,,
babassu-natural-butter-2,,,,,,,,8.8lbs,,,,,,,deny,manual,950.00,,true,true,,,,
babassu-natural-butter,Babassu Natural Butter,"<p>Extracted from the <strong>Babassu palm of the Amazon Rain Forest</strong>, Babassu Oil also known as <strong>Cusi </strong>is a clear, yellow liquid oil similar to Argan Oil but with the chemical composition of Coconut Oil. Shea &#8220;All Naturals&#8221; Babassu Natural oil is cold-pressed, has superior emollient and provides lush hydration that is beneficial to both dry and oily complexions.  In regions where it is native, Babassu is consumed as food and contains about 70% lipid which is essential to reducing dry skin conditions. The science of Babassu is based on the fact that it has the ability to balance the moisture level of the skin, and hence revitalize dull skin into a robust healthy complexion as it gently moisturizes the skin without leaving an oily residue. Use daily and watch your skin glow!</p>
<p><strong><em> </em>Purpose:</strong></p>
<ol>
<li>Reveals clearer and brighter, healthier, more supple, and even-toned complexion;</li>
<li>Balances skin moisture regardless of weather conditions;</li>
<li>Revitalizes dull skin complexion;</li>
<li>Reduces signs of aging including lines and wrinkles;</li>
<li>Reduces the appearance of marks, blemishes, scars, burns, and spots;</li>
<li>As hair oil, it ensures radiant, soft, and well-conditioned tresses.</li>
</ol>
<p><strong>Skin Conditions:</strong> Normal, Dry, extremely dry, scaly, youthful, maturing, flaky, chapped, eczema, and symptoms of psoriasis.</p>
<p><strong>Hair Types:</strong> All hair types and textures (curly, wave, kinky, natural, chemically-treated, and colored).</p>
<p><strong>Hair Conditions:</strong> Dry, damaged, brittle, breaking, split ends, healthy</p>
<p><strong>Product Texture:</strong> Soft butter</p>
<p><strong>Aroma:</strong> Orange and Hybiscus</p>
<p><strong>The Direction for Use:</strong> For external use only. Apply to hair, scalp, face, neck, and whole body as often as preferred.</p>
<p><strong>Ingredients:</strong> Organic Babassu Oil, Organic Argan Oil, Organic Cocoa Butter, Capric/Caprylic Triglycerides (Fractionated Coconut Oil), Essential Oil.</p>
<p><strong>For bulk purchase,</strong> <a href=""https://allnaturalscosmetics.com/product/babassu-natural-butter-2/"">go here</a></p>",All Naturals Cosmetics,Butters & Moisturizers,"Butters & Moisturizers, Eye & Facial Moisturizers/Creams, Family Body Care, Family Face Care, Family Hair Care",true,Size,200 ml,,,,,,,deny,manual,40.00,,true,true,https://allnaturalscosmetics.com/wp-content/uploads/bnb1.jpg,1,Babassu Natural Butter,active
babassu-natural-butter,,,,,,,,68 ml,,,,,,,deny,manual,20.00,,true,true,https://allnaturalscosmetics.com/wp-content/uploads/bnb2.jpg,2,Babassu Natural Butter,
babassu-natural-butter,,,,,,,,,,,,,,,,,,,,,https://allnaturalscosmetics.com/wp-content/uploads/bnb3.jpg,3,Babassu Natural Butter,
babassu-natural-butter,,,,,,,,,,,,,,,,,,,,,https://allnaturalscosmetics.com/wp-content/uploads/bnb4.jpg,4,Babassu Natural Butter,
neem-oil-acne-face-cream,Neem oil Acne Face Cream,"<p>Our Neem oil acne face cream is a very light, non-oily made with <em>Salix Nigra to:</em></p>
<ol>
<li>Expose a refreshed, clearer complexion;</li>
<li>Prevent future breakouts;</li>
<li><em>Treat acne prone skin to healthier complexion;</em></li>
<li>Unclog pores- excellent for blemish, acne and pimples prone skin.</li>
</ol>
<p>It is non- greasy, absorbs fast into the skin and does not contain fragrance that may irritate the skin<strong><br />
</strong></p>
<p><strong> Ingredients</strong>:<strong><br />
</strong>Aqua, Glycerin,Carbomer,Poly Sorbate 20, Salix Nigra(White Willow Bark Extract), Azadirachta Indica (Neem) Seed Oil, Spiraea ulmaria (meadowsweet) extract, Elder Flower Extract, Chamomilla Recutita (Chamomile) Extract,Caprillic/Capri Triglycerides,Red Clover Extract, Tocopherol Acetate (Vitamin E).<br />
<strong><br />
Size</strong>: 4oz/125ml</p>
<p>The product is excellent for sensitive skin.</p>
<p>For bulk purchase, <a href=""http://www.allnaturalskincare.ca/shop/spas-salons/willow-bark-acne-face-cream/"">click here</a></p>",All Naturals Cosmetics,Eye & Facial Moisturizers/Creams,"Eye & Facial Moisturizers/Creams, Family Face Care",true,Title,Default Title,,,,,,,deny,manual,20.00,,true,true,https://allnaturalscosmetics.com/wp-content/uploads/noafc__35236_zoom.jpg,1,Neem oil Acne Face Cream,active
100-sweet-almond-oil,100% Sweet Almond oil,"<p>Our 100% Sweet Almond Oil is anti-oxidant rich and will nourish and revive your skin. It is known for its free-radical fighting abilities, light, fast-absorbing, and does not clog pores. It can be used on hair, scalp, face, and all over the body. Sweet Almond oil is an excellent source of Vitamin E and Omega-3 fatty acids.</p>
<p>See usage directions for hair, scalp, face, and body care below.</p>
<p><strong>Purpose:</strong></p>
<ol>
<li>Hair and scalp care</li>
<li>Improves skin tone and texture</li>
<li>Reduces and relieves dry, itchy scalp and skin</li>
<li>Improves skin tones and textures reducing the appearance of imperfections</li>
</ol>
<p><strong>Texture: </strong>Liquid oil</p>
<p><strong>Aroma:</strong> Butterscotch Essential oil</p>
<p><strong>What it does not contain:</strong> Parabens, harmful preservatives, fragrances</p>
<p><strong>Hair Care</strong></p>
<p>It is very light and provides deep conditioning for the hair and scalp. The vitamins in Almond oil promote hair growth and strength, smoother ends, less frizz, and more shine.</p>
<p><strong>The Direction for Use: </strong>After washing hair, apply to towel-dried or dry hair. It could be used on its own or added to your favorite leave-in hair conditioner or hair dress.</p>
<p><strong>Monthly Treatment:</strong> Part your scalp and apply drops into your scalp, massaging it in a circular motion and rub the rest down to your hair ends for a couple of minutes. Cover your hair with plastic wrap. Allow the oil to absorb for a couple of hours (ideally you would leave it overnight). Shampoo and rinse. Apply treatment once a month</p>
<p><strong> Skin Care- Dry Skin and Stretch Mark Therapy</strong></p>
<p>The emollient qualities of Almond oil will strengthen and nourish the skin, creating a natural resistance to tearing. When massaging with almond oil, blood circulation is promoted, preventing stretch marks.</p>
<p>Pour a small amount of oil into your hands and rub them together to warm the oil. Apply the oil to the part of the body you’d like to work on. Use your hands or a massage brush and rub in gentle circular motions for several minutes. This is ideal after a bath to retain moisture. For better results apply twice a day.</p>
<p><strong>Face and Body Care- Almond oil can be used for rough, flaky, or dry skin as a daily moisturizer. </strong></p>
<p><strong>The Direction for Use:</strong> After a thorough cleansing, apply all over the skin as a skin conditioner or mix it with your favorite skin moisturizer. Use daily after bathing.</p>
<p><strong>Face Care:</strong> After a thorough cleansing, apply one or two drops of almond oil to your face. Wet your clean hands with warm water and massage the oil on your face in upward strokes including the area around the eyes, gently patting. Allow the oil to settle. Once your face is dry, you can apply makeup, or leave your skin with the layer of protection from the almond oil. Applying daily will result in a much softer and smoother skin</p>
<p><strong>Ingredients:</strong> <em>100% Sweet Almond oil, Butterscotch oil</em></p>
<p><strong>Size:</strong> 100ML</p>",All Naturals Cosmetics,Butters & Moisturizers,"Butters & Moisturizers, Eye & Facial Moisturizers/Creams, Family Body Care, Family Face Care, Family Hair Care, Hair oils / Lotions & Sprays",true,Title,Default Title,,,,,,,deny,manual,10.00,,true,true,https://allnaturalscosmetics.com/wp-content/uploads/sweet_almon_oil2.jpg,1,100% Sweet Almond oil,active
100-sweet-almond-oil,,,,,,,,,,,,,,,,,,,,,https://allnaturalscosmetics.com/wp-content/uploads/sweet_almon_oil3.jpg,2,100% Sweet Almond oil,
100-sweet-almond-oil,,,,,,,,,,,,,,,,,,,,,https://allnaturalscosmetics.com/wp-content/uploads/sweet_almon_oil1.jpg,3,100% Sweet Almond oil,
dead-sea-mineral-mud,Dead Sea Mineral Mud,"<p>Our Dead Sea Mud is enriched with minerals to:</p>
<ol>
<li>Support skin health and vitality;</li>
<li>Exfoliate and cleanse the skin;</li>
<li>Relieve symptoms of eczema and psoriasis;</li>
<li>Pull out toxins and pollutants that are occluding the pores;</li>
<li>Reveal a healthier, nourished skin;</li>
<li>Improve blood circulation;</li>
<li>Hydrate the skin and aid in skin regeneration;</li>
<li>To support relief from muscle aches and stress tension.</li>
</ol>
<p><b>The Direction of Use:</b> Use Dead Sea Mineral Mud as a face or body mask, by applying and leaving on skin to dry, then rinse off. Moisturize with your favourite moisturizer to complete this refreshing feeling.</p>
<p><strong>Usage: </strong>Can add 5-100% in skin-care products.</p>
<p><strong>Ingredients: </strong>Dead Sea Mud</p>",All Naturals Cosmetics,Bulk- Face Care,"Bulk- Face Care, Bulk-Bath & Body, Spas & Salons",true,Size,50lbs,,,,,,,deny,manual,450.00,,true,true,https://allnaturalscosmetics.com/wp-content/uploads/dead-sea-mineral-mud-1.jpg,1,Dead Sea Mineral Mud,active
dead-sea-mineral-mud,,,,,,,,25lbs,,,,,,,deny,manual,275.00,,true,true,,,,
dead-sea-mineral-mud,,,,,,,,8.8lbs,,,,,,,deny,manual,110.00,,true,true,,,,
dead-sea-salt-coarse-fine,Dead Sea Salt (Coarse & Fine),"<p>Our Dead Sea Salt (Coarse/Fine) is derived from River Jordan to balance your skin health as:</p>
<ol>
<li>It is rich in minerals inclusive of Sodium, Magnesium, Calcium, Potassium, Iodine, copper, Zinc, Cobalt, Nickel, Manganese and Iron;</li>
<li>These mineral elements provide some anti-bacterial, skin toning, and moisture retention effects</li>
<li>The magnesium helps in cell rejuvenation and the sodium assists the immune system;</li>
<li>These mineral elements work together as regulators of cell activity and daily functioning, relieving muscular pain and stabilizing fluid levels in the body.</li>
</ol>
<p><strong>Note:</strong> The coarse form of the Dead Sea Salt helps with body scrubbing and hence can be used for bathing while the fine form can be used for facial scrubbing.</p>
<p><em>You may try Dead Sea Salt as a body scrub, or just as a relaxing additive to your baths.</em></p>
<p><strong>How to use the Dead Sea Salt-</strong><strong>Body Soak Recipe:</strong></p>
<p>In a small bowl mix 6 drops of your favorite essential oil and 3 teaspoon honey into 2 cups Dead Sea Salts.</p>
<p>Climb into the bathwater and wet your body (don’t make the water too hot or you will get sleepy and not refreshed). Stand up in the bath and take a handful of the salt mixture at a time and scrub down your entire body. Let the mixture fall into the tub. Soak for no more than 25 minutes as this mixture is to refresh and rejuvenate. Finish by rubbing your entire body with Shea butter or one of our other oils such as Olive or Jojoba and allow it to absorb into your skin.</p>
<p><strong>Note:</strong> When ordering this product, please indicate if the coarse or fine form is preferred</p>",All Naturals Cosmetics,Bulk- Face Care,"Bulk- Face Care, Bulk-Bath & Body, Spas & Salons",true,Size,50lbs,,,,,,,deny,manual,135.00,,true,true,https://allnaturalscosmetics.com/wp-content/uploads/dead-sea-salt_coarse-fine.jpg,1,Dead Sea Salt (Coarse & Fine),active
dead-sea-salt-coarse-fine,,,,,,,,8lbs,,,,,,,deny,manual,45.00,,true,true,,,,
dead-sea-salt-coarse-fine,,,,,,,,25lbs,,,,,,,deny,manual,95.00,,true,true,,,,
apricot-facial-scrub,Apricot Facial Scrub,"<p>In traditional Chinese medicine, apricots are considered helpful in regenerating body fluids, detoxifying, and quenching thirst. We have employed the Apricot shell in this face scrub to act as an abrasive material and thus help to remove imperfections, smoothen fine lines, clean off dirt and oil and revitalize your skin, leaving it soft and refreshed. Specially formulated to suit most skin types.</p>
<p><strong>Other Benefits:</strong></p>
<ol>
<li>Helps to remove dead skin;</li>
<li>Helps to cleanse &amp; expose new healthy skin;</li>
<li>Invigorating and revitalizing;</li>
<li>Helps to remove dead skin;</li>
<li>Helps to cleanse &amp; expose new healthy skin.</li>
</ol>
<p><strong>The Direction For Use:</strong> Simply apply a small amount to the skin and rub in a rotational pattern. Rinse after. Do not put in the eyes or mouth. Moisturize skin after this procedure</p>
<p><strong><span lang=""EN"">Ingredients:</span></strong> De-Ionized Water, Sucrose, Sodium Chloride (salt), Prunus armeniaca (Apricot) shell, Persea Gratissima (Avocado) Oil, Vitis Vinifera (Grapeseed) Oil, Simmondsia Chinensis (Jojoba) Beads, Caprylic/Capric Triglycerides, Vegetable Glycerine, Cannabis Sativa (Hemp) Seed Oil, Pumice Stone, Polysorbate 20, Cetyl Alcohol (Fatty Acid), Emulsifying Wax NF, Citrus Medica Limonum (Lemon) Blossom oil, Phenoxyethanol.</p>
<p>Essential and fragrant oils can be added in order to customize this product.</p>",All Naturals Cosmetics,Bulk- Face Care,"Bulk- Face Care, Bulk-Bath & Body, Spas & Salons",true,Size,50lbs,,,,,,,deny,manual,170.00,,true,true,https://allnaturalscosmetics.com/wp-content/uploads/Apricot-Facial-Scrub.png,1,Apricot Facial Scrub,active
apricot-facial-scrub,,,,,,,,25lbs,,,,,,,deny,manual,110.00,,true,true,,,,
apricot-facial-scrub,,,,,,,,8.8lbs,,,,,,,deny,manual,75.00,,true,true,,,,
nigerian-scrub-kain-kain,Nigerian Scrub (Kain-Kain),"<p>An indigenious  Nigerian centuries&#8217; old scrub believed to harmonize skin with nature and made entirely from plants for:</p>
<ol>
<li>Exfoliating dead skin;</li>
<li>Reducing the appearance of signs of aging including wrinkles and lines;</li>
<li>Revealing brighter, well-nourished complexion;</li>
<li>Face, body and feet scrubbing.</li>
</ol>
<p><strong>The Direction of Use:</strong> It can be used dry or wet to gently scrub off dead skin that can add to the look of aging and lines. For face scrubbing, wet first to reduce harshness of the scrub. Frequent usage will reveal a brighter, well- nourished complexion.</p>",All Naturals Cosmetics,Family Body Care,"Family Body Care, Scrubs",true,Title,Default Title,,,,,,,deny,manual,7.00,,true,true,https://allnaturalscosmetics.com/wp-content/uploads/kain_kain.png,1,Nigerian Scrub (Kain-Kain),active
ylang-ylang-essential-oil,Ylang Ylang Essential oil,"<p>Our Ylang Ylang Essential oil has a sweet, exotic, floral scent that is one of the most sought-after; infact, its flower petals are strewn upon the bed of newlyweds in some countries such as Indonesia.</p>
<p><strong>Botanical Name:</strong> <em>Cananga Odorata</em></p>
<p><strong>Main Constituents:</strong><br />
<strong>α-farnesene:</strong> 24.5%<br />
<strong>Benzyl Benzoate:</strong> 5.8%</p>
<p><strong>Plant Part:</strong> Flowers</p>
<p><strong>Origin:</strong> Madagascar</p>
<p><strong>Processing Method:</strong> Steam distilled</p>
<p><strong>Color:</strong> A thin, clear, pale yellow liquid</p>
<p><strong>Strength of Aroma:</strong> A  medium strength aroma</p>
<p><strong>Color:</strong> Pale to golden yellow clear liquid.</p>",All Naturals Cosmetics,Essential Oils & Fragrances,Essential Oils & Fragrances,true,Title,Default Title,,,,,,,deny,manual,50.00,,true,true,https://allnaturalscosmetics.com/wp-content/uploads/ylang-ylang-essential-oil-629x627-1.jpg,1,Ylang Ylang Essential oil,active
vanilla-fragrant-oil,Vanilla Fragrant oil,"<p>Our unique blend of Vanilla fragrant oil is sweet and creamy with nuances of Coconut. It is amazing for use in potpouri, skin care, hair care, soaps and candles.</p>
<p>It was also once believed that Vanilla was a febrifuge, used to reduce fevers, though it is rarely used for any medicinal purposes other than as a pharmaceutical or cosmetics flavouring.</p>
<p><strong>Size:</strong> 100 ml</p>",All Naturals Cosmetics,Essential Oils & Fragrances,Essential Oils & Fragrances,true,Title,Default Title,,,,,,,deny,manual,12.00,,true,true,https://allnaturalscosmetics.com/wp-content/uploads/vanilla-fragrant-oil_new.jpg,1,Vanilla Fragrant oil,active
orange-essential-oil,Orange Essential oil,"<p>Our Orange essential oil is cold-pressed and can be used in soaps, candles and creams.</p>
<p><strong>Botanical Name:</strong> <i>Citrus sinensis</i></p>
<p><strong><span style=""color: saddlebrown"">Main Constituents:</span></strong><br />
<strong><span style=""color: saddlebrown"">d-Limonene:</span></strong> 93.38%</p>
<p><strong>Plant Part:</strong> Fruit Peel</p>
<p><strong>Origin:</strong> Italy</p>
<p><strong>Processing Method:</strong> Cold Pressed, then steam distilled</p>
<p><strong>Color:</strong> A thin, dark orange to golden brown liquid.</p>
<p><strong>Strength of Aroma:</strong> Our Orange essential oil has a citrus smell like the orange peels from which it is derived, but more intense and concentrated.</p>
<p><strong>Size:</strong> 100ml</p>",All Naturals Cosmetics,Essential Oils & Fragrances,Essential Oils & Fragrances,true,Title,Default Title,,,,,,,deny,manual,15.00,,true,true,https://allnaturalscosmetics.com/wp-content/uploads/sweet-orange-essential-oil-organic.jpg,1,Orange Essential oil,active
rosemary-essential-oil,Rosemary Essential oil,"<p>Our Rosemary Essential oil has a fresh, strong, woody and herbal scent.</p>
<p><strong>Botanical Name:</strong> <em>Rosmarinus Officinalis</em></p>
<p><strong>Main Constituents:</strong><br />
<strong>α -Pinene:</strong> 28.0%<br />
<strong>Camphor:</strong> 18.2%<br />
<strong>1,8-Cineol:</strong> 20.7%<br />
<strong>Camphene:</strong> 12.3%<br />
<strong>Limonene:</strong> 2.6%<br />
<strong>Linalool:</strong> 1.2%</p>
<p><strong>Plant Part:</strong> Herb</p>
<p><strong>Origin:</strong> Spain</p>
<p><strong>Processing Method:</strong> Steam Distilled</p>
<p><strong>Color :</strong> A thin, clear, colour-less to pale yellow liquid</p>
<p><strong>Strength of Aroma:</strong> Very strong aroma</p>
<p><strong>Note:</strong> Some users claim that it promotes hair growth, though there is not any scientific evidence to support this argument</p>",All Naturals Cosmetics,Essential Oils & Fragrances,Essential Oils & Fragrances,true,Title,Default Title,,,,,,,deny,manual,22.00,,true,true,https://allnaturalscosmetics.com/wp-content/uploads/rosemary-essential-oil.jpg,1,Rosemary Essential oil,active
peppermint-essential-oil,Peppermint Essential oil,"<p>Our Peppermint Essential oil is antiseptic and antimicrobial in nature. It helps with wounds, bruises and joint problems. Essential in soap and shampoo preparations. Aroma is penetrating minty scent.</p>
<p><strong>Botanical Name:</strong> <i>Mentha arvensis</i></p>
<p><strong><span style=""color: saddlebrown"">Main Constituents:</span></strong><br />
<strong><span style=""color: saddlebrown"">Total Menthone:</span></strong> 32.6%<br />
<strong><span style=""color: saddlebrown"">l-Menthol:</span></strong> 41.0%</p>
<p><strong>Plant Part:</strong> Herb</p>
<p><strong>Origin:</strong> India</p>
<p><strong>Processing Method:</strong> Steam distilled</p>
<p><strong>Color:</strong> A thin, colorless to pale yellow liquid.</p>
<p><strong>Strength of Aroma:</strong> Peppermint has a sharp, penetrating scent based on its high menthol content, making it one of the most popular essential oils.</p>
<p><strong>Botanical Name:</strong> Mentha arvensis</p>
<p><strong>Plant Part:</strong> Herb</p>
<p><strong>Extraction Method:</strong> Steam distilled</p>
<p>Size: 100ml</p>",All Naturals Cosmetics,Essential Oils & Fragrances,Essential Oils & Fragrances,true,Title,Default Title,,,,,,,deny,manual,15.00,,true,true,https://allnaturalscosmetics.com/wp-content/uploads/peppermint-essential-oil.jpg,1,Peppermint Essential oil,active
lemongrass-essential-oil,Lemongrass Essential oil,"<p>Our Lemongrass Essential oil is known for its invigorating, healing and antiseptic properties. It is amazing in facial toners and acne prone skin &amp; face care products. A great repellent of mosquitoes making it essential in summer skin care products as well. It can also be used in bath for soothing muscular and joints aches.</p>
<p>This plant is originally native to Asia but now found in Africa, and the West Indies.</p>
<p><strong>Main Constituents:</strong><br />
<strong>Citral:</strong> 72.5%</p>
<p><strong>Botanical Name:</strong> Cymbopogon flexuosus</p>
<p><strong>Plant Part:</strong> Leaves</p>
<p><strong>Extraction Method:</strong> Steam Distilled</p>
<p><strong>Origin:</strong> India</p>
<p><strong>Color:</strong> Yellow to brownish yellow liquid</p>
<p><strong>Strength of Aroma:</strong> Strong, fresh earthy citrusy scent</p>
<p><strong>Size</strong>: 100ml</p>",All Naturals Cosmetics,Essential Oils & Fragrances,Essential Oils & Fragrances,true,Title,Default Title,,,,,,,deny,manual,13.00,,true,true,https://allnaturalscosmetics.com/wp-content/uploads/lemongrass-essential-oil.jpg,1,Lemongrass Essential oil,active
lavender-essential-oill,Lavender Essential oil,"<p>Our Lavender is comprised of 100% natural constituents (non-synthetic) and is blended to match the ideal percentage of Linalool and Linalyl acetate esters, to release the best of Lavender&#8217;s floral notes.</p>
<p>A winner with aromatherapic, ayurvedic and ancient therapeutic medicine. It has been credited for its anti-depressant, anti-convulsive, anti-septic, antiviral, anti-bacterial, analgesic properties. A double winner with skin care manufacturers for its ability to promote rapid healing and reduction of skin scarring &amp; burns.</p>
<p><strong>Botanical Name:</strong> <em>Lavandula officinalis</em></p>
<p><strong>Main Constituents:</strong><br />
<strong>Linalool:</strong> 29.5%<br />
<strong>Linalyl Acetate:</strong> 36.1%</p>
<p><strong>Plant Part:</strong> Flowers</p>
<p><strong>Origin:</strong> France</p>
<p><strong>Processing Method:</strong> Steam distilled</p>
<p><strong>Color:</strong> A thin, clear, colourless to pale yellow liquid.</p>
<p><strong>Strength of Aroma:</strong> It has a fresh, herbaceous, floral scent with a woody, balsamic undertone.</p>",All Naturals Cosmetics,Essential Oils & Fragrances,Essential Oils & Fragrances,true,Title,Default Title,,,,,,,deny,manual,30.00,,true,true,https://allnaturalscosmetics.com/wp-content/uploads/lavender-essential-oil.jpg,1,Lavender Essential oil,active
grapefruit-essential-oil-pink,Grapefruit Essential Oil (Pink),"<p>Grapefruit Pink Essential oil is believed to ease muscle fatigue and stiffness. It also does wonder for oily and acne prone skin. It will prove valuable in toner, face wash and cellulite treatment formulations.</p>
<p><strong>Botanical Name:</strong> <em>Citrus paradisi</em></p>
<p><strong>Main Constituents:</strong><br />
<strong>Limonene:</strong> 93.75%</p>
<p><strong>Plant Part:</strong> Peel</p>
<p><strong>Origin:</strong> Mexico / Argentina</p>
<p><strong>Processing Method:</strong> Cold Pressed</p>
<p><strong>Color:</strong> A thin, pale yellow to reddish orange liquid</p>
<p><strong>Strength of Aroma:</strong> Medium strength- Grapefruit Pink has a fresh, sweet citrus smell that is very characteristic of the fruit</p>
<p><strong>Size</strong>: 100ml</p>",All Naturals Cosmetics,Essential Oils & Fragrances,Essential Oils & Fragrances,true,Title,Default Title,,,,,,,deny,manual,25.00,,true,true,https://allnaturalscosmetics.com/wp-content/uploads/grapefruit-essential-oil-pink.jpg,1,Grapefruit Essential Oil (Pink),active
tea-tree-essential-oil,Tea Tree Essential Oil,"<p>Our Tea Tree Essential Oil <em>(undiluted)</em> is <strong>organic</strong> and contains constituents called terpenoids, which have been found to have antiseptic, anti-fungal, and antimicrobial properties and the reason for being widely used in skin product preparations, hair shampoos, and soaps- to ward off all three infectious organisms &#8211; bacteria, fungi, and viruses. It helps with skin &amp; scalp ailments including but not limited to acne, dandruff, lice, eczema, psoriasis, athlete&#8217;s foot, vaginitis, boils, thrush, yeast infection, etc.</p>
<p>Tea tree has a long history of traditional use dating back to the Australian aboriginals that use the tea tree leaves for healing skin cuts, burns, and infections by crushing the leaves and applying them to the affected area.</p>
<p><strong>Botanical Name:</strong> <i>Melaleuca alternifolia</i></p>
<p><strong><span style=""color: saddlebrown"">Main Constituents:</span></strong><br />
<strong><span style=""color: saddlebrown"">Terpinen-4-ol:</span></strong> 41.02%</p>
<p><strong>Plant Part:</strong> Leaves</p>
<p><strong>Product Texture:</strong> Liquid oil</p>
<p><strong>Origin:</strong> China</p>
<p><strong>Processing Method:</strong> Steam distilled</p>
<p><strong>Color:</strong> A thin, clear, pale yellow liquid</p>
<p><strong>What it does not contain:</strong> Hexane, harmful preservatives</p>
<p><strong>Strength of Aroma:</strong> Tea Tree has a fresh, slightly medicinal scent with characteristic woody, camphoraceous notes.</p>
<p><strong>Directions:</strong> For occasional use as an antiseptic: Dilute by adding 1-2 mL of product to about 30   mL of warm water. Cleanse the skin area before applying. Apply once daily to affected areas or as recommended by your doctor.</p>
<p>Can also be added to products for aroma purposes and/or be diluted with a carrier oil such as jojoba, grapeseed, olive, or almond oil prior to use. For already diluted tea Tree oil, <a href=""https://allnaturalscosmetics.com/product/tea-tree-oil/"">go here</a></p>",All Naturals Cosmetics,Essential Oils & Fragrances,Essential Oils & Fragrances,true,Title,Default Title,,,,,,,deny,manual,15.00,,true,true,https://allnaturalscosmetics.com/wp-content/uploads/tea-tree-essential-oil.jpg,1,Tea Tree Essential Oil,active
tea-tree-essential-oil,,,,,,,,,,,,,,,,,,,,,https://allnaturalscosmetics.com/wp-content/uploads/tee_tree2.jpg,2,Tea Tree Essential Oil,
combo-12-body-oils,Combo 12- Body Oils,"<div>
<div>Get your skin awaken daily by the nutrients in our array of oils.</div>
<div>Rich in antioxidants, Vitamins A,B, C, D, E, and K; Iron, Calcium, Protein and Essential Fatty Acids including Omega 6; these oils will deliver a soft beautiful skin complexion and ease symptoms of dry skin, psoriasis  and eczema.</div>
<div></div>
</div>
<div>
<p>Note: You can use oil as is or add drops to your favourite moisturizer or conditioner.</p>
<p>Pack includes one each of:</p>
<ol>
<li>Organic Argan oil- 100ml</li>
<li>Shea+ Argan oil- 100ml</li>
<li>Sweet Almond oil- 100ml</li>
<li>Extra Virgin Olive oil- 100ml</li>
</ol>
</div>",All Naturals Cosmetics,Combo Packages,Combo Packages,true,Title,Default Title,,,,,,,deny,manual,70.00,,true,true,https://allnaturalscosmetics.com/wp-content/uploads/combo_1-1-2.jpg,1,Combo 12- Body Oils,active
combo-9-feet-body-luxury,Combo 9-Feet & Body Luxury,"<p>With two cleansing bars and a body wash, you have an array of healthy choices for cleansing your feet and body. We also added our Cuticle and Nail Butter to soften those hard skin around your nails and allow essential nutrients to penetrate in. Let the healing aroma of Peppermint combined with the nutrients in our Shea butter improve circulation in your feet while our excellent cleansers take your body grooming to a new level!</p>
<p>Pack includes one each of:</p>
<ol>
<li>Shea Butter Body Wash- 12oz</li>
<li>Nail and Cuticle Balm- 4oz</li>
<li>Afrikan Black Soap- 4oz</li>
<li>Shea-Deep Cleansing Bar- 4oz</li>
</ol>",All Naturals Cosmetics,Combo Packages,Combo Packages,true,Title,Default Title,,,,,,,deny,manual,35.00,,true,true,https://allnaturalscosmetics.com/wp-content/uploads/combo-packages/combo_9-1.jpg,1,Combo 9-Feet & Body Luxury,active
shea-butter-treatment-conditioner,Shea Butter Treatment Conditioner,"<p><span lang=""EN"">Shea &#8220;All Naturals&#8221; Shea Butter Treatment Conditioner is an ultra-rich intensive treatment that helps to smooth frizz and seal in moisture while protecting your hair from environmental stressors/pollutants.  Lightly minted, it opens pores to allow plant-derived treatment penetration to hair, deep conditions, pampers, provides growth advantage, and fortifies hair from root to tip. Castor Oil is known for its anti-frizz and hair thickening properties, leaving hair smoother, tangle-free, and fuller. Protein infuses strength to the hair shaft and Shea Butter moisturizes keeping your hair healthy and lush.</span></p>
<p><strong>Purpose:</strong></p>
<ol>
<li>To restore moisture and <span lang=""EN"">shield against the damaging effects of heat styling and over-processing;</span></li>
<li>Invigorating hair and scalp treatment <span lang=""EN"">for amazingly beautiful hair growth.</span></li>
</ol>
<p><strong>Hair Types:</strong> All hair types and textures (curly, wave, kinky, natural, chemically-treated, and colored).</p>
<p><strong>Hair Conditions:</strong> Dry, damaged, brittle, breaking, split ends, healthy</p>
<p><strong>Product Texture:</strong> Creamy</p>
<p><strong>Aroma:</strong> Peppermint essential oil</p>
<p><strong>What it does not contain:</strong> <strong>No</strong> paraben, mineral oil, petrolatum, sulfates, phthalates, dyes, silicone, and gluten. Non-comedogenic,<strong> Not</strong> tested on animals.</p>
<p><strong>The Direction for Use</strong>: After shampooing, squeeze out excess water. Then massage into your hair, concentrating on the ends, other damaged areas, and scalp. Rinse out. For damaged hair, leave on hair for 10-20 minutes with a heat cap on (depending on the extent of hair damage). Rinse thoroughly.</p>
<p><strong>Ingredients:</strong> De-Ionized Water, <span lang=""EN"">Aqua, Cetyl Alcohol, Simmondsia Chinensis (Jojoba) Seed Oil, Butyrospermum Parkii (Shea Butter), Guar Gum, Hydrolyzed Silk Amino Acids, protein, Castor Isostearate Succinate (Castor) Oil, Vegetable Glycerin,  Aloe Barbadensis Leaf Juice, Chamomilla Recutita (Matricaria) Flower Extract, Castor Isostearate Succinate, Hydrolyzed wheat protein, Lactic Acid, Citric Acid, Peppermint.</span></p>
<p><strong><span lang=""EN"">Size</span></strong><span lang=""EN"">: 12oz/355ml</span></p>
<p>For bulk purchase, <a href=""https://allnaturalscosmetics.com/product/shea-butter-treatment-conditioner-2/"">go here</a></p>",All Naturals Cosmetics,Family Hair Care,"Family Hair Care, Treatments & Conditioners",true,Title,Default Title,,,,,,,deny,manual,15.00,,true,true,https://allnaturalscosmetics.com/wp-content/uploads/sbtc1.jpg,1,Shea Butter Treatment Conditioner,active
shea-butter-treatment-conditioner,,,,,,,,,,,,,,,,,,,,,https://allnaturalscosmetics.com/wp-content/uploads/sbtc4.jpg,2,Shea Butter Treatment Conditioner,
shea-butter-treatment-conditioner,,,,,,,,,,,,,,,,,,,,,https://allnaturalscosmetics.com/wp-content/uploads/sbtc3.jpg,3,Shea Butter Treatment Conditioner,
shea-butter-treatment-conditioner,,,,,,,,,,,,,,,,,,,,,https://allnaturalscosmetics.com/wp-content/uploads/sbtc2.jpg,4,Shea Butter Treatment Conditioner,
shea-butter-leave-in-conditioner,Shea Butter Leave-In Conditioner,"<p><span lang=""EN"">Our Shea Butter Leave-In Conditioner is reparative and moisture-rich, softening, detangling hair while controlling frizz. Made with certified organic Shea Butter, your hair will experience sheer heaven as vital nutrients are delivered to every strand of your hair from root to tip.</span></p>
<p><strong>Purpose:</strong></p>
<ol>
<li>Deters hair frizz and split ends leaving hair silky soft, and healthy;</li>
<li>Moisturizes and reduces dry, damaged hair conditions;</li>
<li>Restores dull hair back to health;</li>
<li>Reconditions, revitalizes, strengthens, and rejuvenates the look and texture of  hair;</li>
<li>Reduces flaky build-up or residue;</li>
<li>Delivers intense conditioning and hair fortification without build-up.</li>
</ol>
<p><strong>Hair Types: </strong>Fine, medium, coarse</p>
<p><strong>Hair Textures:</strong> curly, wave, kinky, natural, straight</p>
<p><strong>Hair Conditions:</strong>  Dry, oily, damaged, brittle, breaking, split ends, healthy, chemically- and color-treated.</p>
<p><strong>Product Texture:</strong> Creamy</p>
<p><strong>Aroma:</strong> Peppermint essential oil</p>
<p><strong>What it does not contain:</strong> <strong>No</strong> paraben, mineral oil, petrolatum, sulfates, phthalates, dyes, silicone, and gluten. Non-comedogenic,<strong> Not</strong> tested on animals.</p>
<p><strong>The Direction for Use:</strong><strong> </strong>After shampooing with Shea Butter Shampoo, massage Shea Butter treatment conditioner into your scalp and hair, concentrating on the ends and other damaged areas. Rinse thoroughly. For extremely damaged hair, leave the Shea Butter Treatment Conditioner on for 30 minutes before rinsing off. Finish by applying our Shea butter leave-in conditioner to towel-dried hair from hair roots to ends. Massage in or comb through for even distribution.  Style hair.</p>
<p><strong>Ingredients: </strong>Aqua, Butyrospermum Parkii(Organic Shea Butter), Stearyl Alcohol, Capric/Caprylic Triglyceride, Glycerin, Emulsifying Wax NF, Argania Spinosa (Argan) Kernel Oil, Polyquaternium-10,  Glycerin, Capric/Caprylic Triglyceride, Ricinus communis (Castor) Oil, Guar Gum, Citrus Grandis(Grapefruit) Seed Oil, Tocopherol (Vitamin E), Mentha Piperita, Sodium Benzoate, Potassium Sorbate</p>
<p><strong><span lang=""EN"">Size</span></strong><span lang=""EN"">: 12oz/355ml</span></p>
<p>For bulk purchase, <a href=""https://allnaturalscosmetics.com/product/shea-butter-leave-in-conditioner-2/"">go here</a></p>",All Naturals Cosmetics,Family Hair Care,"Family Hair Care, Treatments & Conditioners",true,Title,Default Title,,,,,,,deny,manual,13.00,,true,true,https://allnaturalscosmetics.com/wp-content/uploads/Shea-Butter-Leave-in-conditioner1.jpg,1,Shea Butter Leave-In Conditioner,active
shea-butter-leave-in-conditioner,,,,,,,,,,,,,,,,,,,,,https://allnaturalscosmetics.com/wp-content/uploads/Shea-Butter-Leave-in-conditioner3.jpg,2,Shea Butter Leave-In Conditioner,
shea-butter-leave-in-conditioner,,,,,,,,,,,,,,,,,,,,,https://allnaturalscosmetics.com/wp-content/uploads/Shea-Butter-Leave-in-conditioner2.jpg,3,Shea Butter Leave-In Conditioner,
aloe-vera-gel-juice,Aloe Vera Gel Juice,"<p><strong>Our Aloe Vera leaf juice is:</strong></p>
<ol>
<li>Highly moisturizing, containing vitamin B complex, folic acid, vitamin C, and carotene (a precursor of vitamin A);</li>
<li>Not a gel but a thin liquid designed for application in manufacturing processes.</li>
</ol>
<p><strong>INCI:</strong> Aloe Barbadensis Leaf Juice</p>
<p><strong>Shelf Life:</strong> Aloe Vera Gel Juice has a shelf-life of 2- 3 years. Please ensure that product is kept refrigerated so as to extend the shelf life</p>",All Naturals Cosmetics,Raw Materials,Raw Materials,true,Size,50lbs,,,,,,,deny,manual,165.00,,true,true,https://allnaturalscosmetics.com/wp-content/uploads/Aloe-Vera-Gel-Juice.png,1,Aloe Vera Gel Juice,active
aloe-vera-gel-juice,,,,,,,,25lbs,,,,,,,deny,manual,115.00,,true,true,https://allnaturalscosmetics.com/wp-content/uploads/raw-material-2/Aloe-1.jpg,2,Aloe Vera Gel Juice,
aloe-vera-gel-juice,,,,,,,,Gallon,,,,,,,deny,manual,50.00,,true,true,,,,
testers,Testers,"<p>Some of our products are available in sample sizes. To try these products, please follow the steps below:</p>
<div id=""_mcePaste""><strong>Steps</strong></div>
<ol>
<li>Review the list of products below;</li>
<li id=""_mcePaste"">Mark your preferred 5 products from the list;</li>
<li>Input your choices in your order note.</li>
</ol>
<p>Note: Product samples are available in 0.25 oz. You may receive 1, 2 or 4 of testers depending on products chosen as indicated below.</p>
<ol>
<li>100% Pure Shea Butter- 2 samples</li>
<li>Shea with Olive and Aloe- 2 samples</li>
<li>Cocoa-Shea- 2 samples</li>
<li>Treatment Conditioner- 2 samples</li>
<li>Shea Butter Shampoo- 4 samples</li>
<li>Shea Butter Face Wash- 2 samples</li>
<li>Skin Renewal Face Cream- 1 sample</li>
</ol>",All Naturals Cosmetics,Tester,Tester,true,Title,Default Title,,,,,,,deny,manual,20.00,,true,true,https://allnaturalscosmetics.com/wp-content/uploads/tester-2_result-768x513-1.png,1,Testers,active
melt-pour-soap,Melt & Pour Soap,"<p>Our cleanser bases are very luxurious and provide deep conditioning. Options include Goat milk, Shea butter, Vanilla, Neem oil, Ylang Ylang, Black Soap, Plantain, Palm oil, Argan Oil Soap bases. These can be purchased in bulk- melt &amp; pour packages of 3kg or 5kg packs or individual bars of 100-120 grams each</p>
<p>Melt &amp; Pour soap gives you the opportunity to be creative with your soaps. Below are instructions for you to turn our bulk soaps into your pieces of art work.</p>
<p><strong>SOAP MELTING &amp; POURING INSTRUCTIONS</strong><br />
<strong>Get ready the following:</strong><br />
Pots or a double boiler, thermometer, ladle, rubber spatula for stirring, glass or plastic pitcher and a scale (optional), isopropyl alcohol in a spray bottle (optional)</p>
<p><strong>Instructions</strong></p>
<p>1.Find two pots where one will fit inside the other (about a 1.5 gallon or larger, plus a lid), if you have a large double boiler&#8230;even better.</p>
<p>2. Fill the bottom pot with water till the inner pot starts to float</p>
<p>3. Cut the Soap slab into pieces and place these into the pot.</p>
<p>4. Set your stove to medium heat.</p>
<p>5. A 5kg slab will melt in about 1 hour, (thermometer temperature should be around 65-70c / 140-160f)</p>
<p>6. Add colors and pour into your molds.</p>
<p>7. After setting, if you have trouble releasing soap from molds, dip them in hot water.</p>
<p>8. All soaps shrink about 10-12%, allow for this shrinkage if you indicate the weight</p>",All Naturals Cosmetics,Melt & Pour Soap,Melt & Pour Soap,true,Title,Default Title,,,,,,,deny,manual,55.00,,true,true,https://allnaturalscosmetics.com/wp-content/uploads/melt_head-600x400-1.jpg,1,Melt & Pour Soap,active
shea-butter-lip-balm,Shea butter Lip balm,"<p>Our Shea butter lip balm:</p>
<ol>
<li>Will moisturizer lips;</li>
<li>Is a must for all season and all times;</li>
<li>Is made with 100% shea butter;</li>
<li>Will heal dry, patched lips.</li>
</ol>
<p>Safe for the whole family. Test first if allergy to Shea butter is a concern.</p>
<p><strong>Size: 15ml.</strong></p>
<p><strong>Ingredient:</strong> Organic Shea butter</p>",All Naturals Cosmetics,Lip Care,Lip Care,true,Title,Default Title,,,,,,,deny,manual,4.00,,true,true,https://allnaturalscosmetics.com/wp-content/uploads/lipbaul_shea_butter_result-300x348-1.png,1,Shea butter Lip balm,active
white-jars-with-lids,White jars with lids,"<p><strong>Size:</strong> 4oz/125ml</p>
<p><strong>Quantity:</strong> 50 Pieces</p>
<p><strong>Material:</strong> HDPE</p>",All Naturals Cosmetics,Jars & Bottles,Jars & Bottles,true,Title,Default Title,,,,,,,deny,manual,50.00,,true,true,https://allnaturalscosmetics.com/wp-content/uploads/white-jars-with-lids.jpg,1,White jars with lids,active
white-bottle-with-black-cap,White bottle with black cap,"<p><strong>Size:</strong> 8oz/250ml</p>
<p><strong>Quantity:</strong> 50 Pieces</p>
<p><strong>Material:</strong> HDPE with soft shoulder &amp; black cap</p>
<p><strong>Neck:</strong> 24/415</p>",All Naturals Cosmetics,Jars & Bottles,Jars & Bottles,true,Title,Default Title,,,,,,,deny,manual,50.00,,true,true,https://allnaturalscosmetics.com/wp-content/uploads/white-bottle-with-black-cap-768x771-1.jpg,1,White bottle with black cap,active
pet-clear-bottle-with-black-cap,PET clear bottle with black cap,"<p><strong>Size:</strong> 8oz/255ml</p>
<p><strong>Quantity:</strong> 50 Pieces</p>
<p><strong>Material: </strong>PET clear with soft shoulder</p>
<p><strong>Neck:</strong> 24/415</p>",All Naturals Cosmetics,Jars & Bottles,Jars & Bottles,true,Title,Default Title,,,,,,,deny,manual,50.00,,true,true,https://allnaturalscosmetics.com/wp-content/uploads/pet-clear-bottle-with-black-cap.jpg,1,PET clear bottle with black cap,active
6oz-jar-with-lid,6oz jar with lid,"<p><strong>Size:</strong> 6oz/177ml</p>
<p><b>Color: </b>Black</p>
<p><strong>Quantity:</strong> 50 Pieces</p>
<p><strong>Material:</strong> HDPE with straight base and lids</p>",All Naturals Cosmetics,Jars & Bottles,Jars & Bottles,true,Title,Default Title,,,,,,,deny,manual,60.00,,true,true,https://allnaturalscosmetics.com/wp-content/uploads/6oz-jar-with-lid-800x595-1.jpg,1,6oz jar with lid,active
shea-feet-butter-2,Shea Feet Butter,"<p>Our Shea Feet Butter is made to support your feet&#8217; health. Lightly minted, this heaven for feet in a jar boasts of our 100% organic Shea Butter, Coconut Oil, Rosemary Oil, Olive Oil, Meadowfoam Oil, and Soybean Oil. It penetrates the skin to deliver essential vitamins and fatty acids to the feet, ensuring your feet&#8217; skin remains healthy.</p>
<p><strong>Purpose:</strong></p>
<ol>
<li>Aid diabetic feet care;</li>
<li>Support feet muscle relaxation;</li>
<li>Revive and rejuvenate dry, neglected feet;</li>
<li>Nurtures back to life cracked feet skin;</li>
<li>Soften hard, coarse, feet skin.</li>
</ol>
<p><strong>Skin Conditions:</strong> Normal, sensitive, dry, cracked, sweaty, oily, hard-skin feet</p>
<p><strong>Aroma:</strong> Rosemary and Peppermint essential oil</p>
<p><strong>What it does not contain:</strong>  No preservatives, mineral oil, paraffin, petrolatum, parabens, and Not solvent extracted.</p>
<p><strong>The Direction for Use: </strong>For daily use, wash feet and massage feet including toes with Shea feet butter.</p>
<p>For a <strong>deep feet treatment</strong>, soak feet in warm water for 15-20 minutes and rub gently with a pumice stone or scrub. Massage Shea Feet Butter into feet, paying close attention to heels and calloused skin. Then cover feet with cotton socks overnight to soothe and seal<strong> </strong>in moisture.</p>
<p><strong>INCI Ingredients</strong>: Butyrospermum Parkii (Shea Butter,<span lang=""EN""> Olea europaea (Olive Fruit Oil), Cocos nucifera (Coconut Oil), Rosmarinus officinalis (Rosemary leaf extract), Canola oil, Tocopherol, Glycine soja (Soybean) Oil, Mentha Piperita (Peppermint) Oil, Meadowfoam Oil.</span></p>
<p><strong>Size: </strong>4oz/125ml</p>
<p>For bulk purchase, <a href=""https://allnaturalscosmetics.com/product/shea-feet-butter/"">click here</a></p>",All Naturals Cosmetics,Family Foot Care,Family Foot Care,true,Title,Default Title,,,,,,,deny,manual,13.00,,true,true,https://allnaturalscosmetics.com/wp-content/uploads/sbfb1.jpg,1,Shea Feet Butter,active
shea-feet-butter-2,,,,,,,,,,,,,,,,,,,,,https://allnaturalscosmetics.com/wp-content/uploads/sbfb2.jpg,2,Shea Feet Butter,
shea-feet-butter-2,,,,,,,,,,,,,,,,,,,,,https://allnaturalscosmetics.com/wp-content/uploads/sbfb3.jpg,3,Shea Feet Butter,
shea-feet-butter-2,,,,,,,,,,,,,,,,,,,,,https://allnaturalscosmetics.com/wp-content/uploads/sbfb4.jpg,4,Shea Feet Butter,
shea-butter-nail-cuticle-remedy,Shea Butter Nail & Cuticle Remedy,"<p>Our Shea Butter Nail &amp; Cuticle Remedy has naturally occurring calcium to support:</p>
<ol>
<li>Conditioning of rough skin and moisturize finger nails, toes and cuticles for unsurpassed softness;</li>
<li>Strengthening of finger and toe nails;</li>
<li>Nails that do not break easily.</li>
</ol>
<p>This product also has added Tea tree oil for added protection against skin infections while providing healing for minor wounds.</p>
<p><strong>The Direction for Use:<span class=""Apple-converted-space""> </span></strong>Apply liberally and allow the butter to fully absorb.</p>
<p><strong>For a deep feet treatment:</strong><span class=""Apple-converted-space""> Add Shea butter Body Wash in warm water. </span>Soak feet in the warm water for 15 minutes. Scrub feet with pumice stone. Rinse feet and pat dry. File toes nails well. Rub Shea butter nail &amp; cuticle remedy on toes and its surrounding skin.</p>
<p><strong>For finger nails:</strong><span class=""Apple-converted-space""> </span>Rub the Nail Remedy as many times a day as desired. You may also use after filing your nails. This butter will help to soften the cuticle and palm areas of the finger</p>
<p><strong>Size: 4oz/125ml</strong></p>
<p><strong>Ingredients: </strong>Butyrospermum Parkii(Shea Butter), Olea europaea (Olive fruit oil), Cocos nucifera (coconut oil), simmondsia chinensis (Jojoba) oil, Glycine Soja (Soybean) oil, Melaleuca Alternifolia (Tea Tree) Leaf oil, Lavandula Angustifolia (Lavender) oil, Meadowfoam oil.</p>",All Naturals Cosmetics,Family Foot Care,Family Foot Care,true,Title,Default Title,,,,,,,deny,manual,13.00,,true,true,https://allnaturalscosmetics.com/wp-content/uploads/shea-butter-nail-cuticle-remedy.jpg,1,Shea Butter Nail & Cuticle Remedy,active
shea-butter-facial-wash,Shea Butter Facial Wash,"<p>Our nature-inspired Shea Butter Facial Wash is made with an ancient plant-based cleansing complex (African Black Soap) that is gentle, hydrating, and non-drying. With Chamomile and Aloe vera added, skin is calmed and refreshed.</p>
<p><strong>Purpose:</strong></p>
<ol>
<li>Provides gentle but deep cleansing to remove impurities, make-up, dead cells, and oils</li>
<li>Reduces the appearance of acne, spots, pimples, and boils</li>
</ol>
<p><strong>Skin conditions:</strong> Sensitive, normal, dry, oily</p>
<p><strong>Aroma:</strong> Grapefruit essential oil</p>
<p><strong>Product texture:</strong> Honey-like</p>
<p><strong>What it does not contain: </strong>No paraben, mineral oil, petrolatum, sulfates, phthalates, dyes, silicone, and gluten.</p>
<p><strong>The Direction for Use:</strong> Shake and squeeze a small amount of this wash onto a wet puff. Lather and rinse well. Follow with Shea “All Naturals” Skin Renewal Facial Cream</p>
<p><strong>Ingredients:</strong><br />
De-ionized water, African Black soap,  Potassium Cocoate (Coconut derived), Potassium Olivate (Olive), Butyrospermum Parkii, Aloe Barbedensis Leaf Juice, Chamomile Recutita (Matricaria) Flower Extract (Chamomile), Tocopherol (Vit. E), Camellia Sinesis Leaf Extract,(Japanese Green Tea) Leaf Extract, Vegetable Glycerin, Hydroxypropyl Cellulose, Grapefruit Seed Oil, Grapefruit Seed oil (Essential oil)</p>
<p><strong>Size: </strong>8oz/255ml</p>",All Naturals Cosmetics,Cleansers and Shaving Bars,"Cleansers and Shaving Bars, Family Body Care, Family Face Care, Washes and Soaps",true,Title,Default Title,,,,,,,deny,manual,12.00,,true,true,https://allnaturalscosmetics.com/wp-content/uploads/sbfw1.jpg,1,Shea Butter Facial Wash,active
shea-butter-facial-wash,,,,,,,,,,,,,,,,,,,,,https://allnaturalscosmetics.com/wp-content/uploads/sbfw2.jpg,2,Shea Butter Facial Wash,
shea-butter-facial-wash,,,,,,,,,,,,,,,,,,,,,https://allnaturalscosmetics.com/wp-content/uploads/sbfw3.jpg,3,Shea Butter Facial Wash,
shea-butter-facial-wash,,,,,,,,,,,,,,,,,,,,,https://allnaturalscosmetics.com/wp-content/uploads/sbfw4.jpg,4,Shea Butter Facial Wash,
shea-butter-cleansing-bar,Shea Butter Cleansing Bar,"<p>Our Shea Butter Cleansing bar is formulated with unique ingredients to:</p>
<ol>
<li>Moisturize sensitive and dry skin;</li>
<li>Ensure gradual clearing of skin imperfections such as black spots, rashes, dry patches and blemishes.</li>
</ol>
<p>This bar is formulated with unique ingredients capable of cleansing without stripping the skin of its moisture.</p>
<p><strong>The Direction of Face/Body Use</strong>: Wet the skin area (face or body part). Rub the bar on wet skin for a moisturizing cleanse.</p>
<p><strong>Ingredients</strong>: All Natural soap base, Shea Butter, Coconut oil, Palm kernel oil, Olive oil, Vegetable Glycerin, Distilled water, Vitamin E, Lemongrass Essential oil, Titanium Dioxide (Minerals), Citric Acid</p>
<p><strong>Size</strong>: 4oz/120 grams</p>",All Naturals Cosmetics,Cleansers and Shaving Bars,"Cleansers and Shaving Bars, Family Body Care, Family Face Care, Washes and Soaps",true,Title,Default Title,,,,,,,deny,manual,5.00,,true,true,https://allnaturalscosmetics.com/wp-content/uploads/shea_butter_cleansing_bar2022.jpg,1,Shea Butter Cleansing Bar,active
black-soap-facial-wash,Black Soap Facial Wash,"<p>Black Soap &amp; Aloe Wash is a gentle cleanser formulated entirely with ingredients from the tropical rain forest to:</p>
<ol>
<li>Remove excess oil, dirt, makeup without stripping your skin of natural moisture;</li>
<li>Support restoration of skin from bleaching creams and chemicals;</li>
<li>Improve skin tone and complexion.</li>
</ol>
<p><strong>The Direction for Use</strong>: This is a low viscous wash. Shake well and apply to a wet sponge. Wash face and body with sponge and rinse well. Follow with facial cream and body cream/lotion/butter.</p>
<p><strong>Ingredients:</strong> Water, Milled native black soap, Citrus juices, Osun, natural honey, Aloe Vera and Shea butter</p>
<p><strong>Size: </strong>12oz/355ml</p>
<p>For bulk purchase, <a href=""http://www.allnaturalskincare.ca/shop/bath-body-bases/black-soap-aloe-wash/"">click here</a></p>",All Naturals Cosmetics,Cleansers and Shaving Bars,"Cleansers and Shaving Bars, Family Body Care, Family Face Care, Men, Washes and Soaps",true,Title,Default Title,,,,,,,deny,manual,15.00,,true,true,https://allnaturalscosmetics.com/wp-content/uploads/black_facial.png,1,Black Soap Facial Wash,active
shea-butter-body-wash-2,Shea Butter Body Wash,"<p>Our Shea Butter Body Wash is a gentle, non-irritating cleanser made with 100% African Black soap, 100% Organic Shea Butter, Grapeseed Oil, and Aloe Vera. It sustains healthy normal skin and gently caresses the dry and delicate skin, lifting off dirt and impurities to reveal radiantly beautiful and glowing skin. The added Olive and Coconut Oil derived ingredients infuse additional moisture to keep skin healthy.</p>
<p><strong>Purpose:</strong></p>
<ol>
<li>Deeply cleanses skin without drying;</li>
<li>Moisturizes and improves skin radiance and glow.</li>
</ol>
<p><strong>Skin Type: </strong>All skin colors</p>
<p><strong>Skin Condition:</strong> Normal, oily, dry, uneven toned, with psoriasis, eczema, acne, etc.</p>
<p><strong>Product Texture: </strong>Honey-like</p>
<p><strong>Aroma:</strong> Grapefruit</p>
<p><strong>What it does not contain: </strong>No paraben, mineral oil, petrolatum, sulfates, phthalates, dyes, silicone, and gluten.</p>
<p><strong>INCI Ingredients: </strong>De-ionized water, African Black soap,  Potassium Cocoate (Coconut derived), Potassium Olivate (Olive), Butyrospermum Parkii (Shea Butter), Aloe Barbedensis Leaf Juice, Vegetable Glycerin, Hydroxypropyl Cellulose, Grape Seed Oil, Grapefruit Seed oil (Essential oil)</p>
<p><strong>Size:</strong> 12oz/355ml</p>
<p>For bulk purchase, <a href=""https://allnaturalscosmetics.com/product/shea-butter-body-wash/"">go here</a></p>",All Naturals Cosmetics,Family Body Care,"Family Body Care, Men, Washes and Soaps",true,Title,Default Title,,,,,,,deny,manual,11.00,,true,true,https://allnaturalscosmetics.com/wp-content/uploads/sbbw1.jpg,1,Shea Butter Body Wash,active
shea-butter-body-wash-2,,,,,,,,,,,,,,,,,,,,,https://allnaturalscosmetics.com/wp-content/uploads/sbbw3.jpg,2,Shea Butter Body Wash,
shea-butter-body-wash-2,,,,,,,,,,,,,,,,,,,,,https://allnaturalscosmetics.com/wp-content/uploads/sbbw2.jpg,3,Shea Butter Body Wash,
neem-aloe-vera-shampoo,Neem & Aloe Vera Shampoo,"<p><span lang=""EN"">Our Neem &amp; Aloe Vera Shampoo is formulated:</span></p>
<ol>
<li><span lang=""EN"">With Neem oil for effective botanical cleansing;</span></li>
<li>To support treatment of dry hair and split end conditions;</li>
<li>To reduce itchy, scalp conditions.</li>
</ol>
<p><strong>The Directions for Use: </strong>Wet hair and apply shampoo to hair. Lather well and rinse. Follow with Shea Butter Treatment Conditioner or your preferred conditioner. Rinse out or leave in depending on type of conditioners.</p>
<p><strong><span lang=""EN"">INCI Ingredients: </span></strong>De-Ionized Water, Alkyl Polyglucosides, Cocomidopropyl Betaine, Sodium Cocoamphoacetate, <span lang=""EN"">Azadirachta Indica (Neem) Seed oil</span>, Sodium Chloride, Vegetable Glycerine, Aloe Barbadensis (Aloe Vera) leaf extract, Panthenol (Pro Vitamin B 5),Salix Alba (White Willow) Bark Extract, Chamomilla Recutita (Matricaria) Flower Extract (Chamomile), Polyquaternium-7,Trifolium Pretense (Red Clover) Flower Extract, Eucalyptus oil, <span lang=""EN"">Rosemary (Rosmarius Officinalis) Extract</span><span lang=""EN"">, </span><span lang=""EN"">Citric Acid</span></p>",All Naturals Cosmetics,Bulk-Shampoos & Conditioners,"Bulk-Shampoos & Conditioners, Spas & Salons",true,Size,50lbs,,,,,,,deny,manual,195.00,,true,true,https://allnaturalscosmetics.com/wp-content/uploads/neem_aloevera_shampoo-1.jpg,1,Neem & Aloe Vera Shampoo,active
neem-aloe-vera-shampoo,,,,,,,,25lbs,,,,,,,deny,manual,135.00,,true,true,,,,
neem-aloe-vera-shampoo,,,,,,,,Gallon,,,,,,,deny,manual,75.00,,true,true,,,,
black-soap-shampoo-2,Black Soap Shampoo,"<p>Our <strong>Shea Butter+Black soap Shampoo</strong> will gently yet deeply cleanse your scalp and hair. Formulated with enriching moisturizers including 100% organic shea butter, this cleanser will renew, hydrate, and improve hair manageability.  The Chamomile in the shampoo will calm while the Japanese Green Tea will revitalize and open your pores to a breathable environment for healthy hair growth.  This shampoo works well with both healthy and damaged hair and a trial could make you keep washing all week long!</p>
<p><strong>Purpose:</strong></p>
<ol>
<li>Deeply cleanses and conditions your hair and scalp;</li>
<li>Imparts moisturize to your hair for beautiful, soft tresses;</li>
<li>Reduces dry, itchy scalp conditions.</li>
</ol>
<p><strong>Hair Type:</strong> Fine, Medium, Coarse</p>
<p><strong>Hair Texture:</strong> Curly, wave, kinky, natural</p>
<p><strong>Hair Condition:</strong> Oily, dry, normal, chemically- and color-treated.</p>
<p><strong>Product Texture: </strong>Honey-like</p>
<p><strong>Aroma:</strong> Peppermint</p>
<p><strong>What it does not contain:</strong> <strong>No</strong> paraben, mineral oil, petrolatum, sulfates, phthalates, dyes, silicone, and gluten.</p>
<p><strong>The Direction for Use: </strong>Apply to wet hair and massage from roots to hair ends, concentrating on the ends and the scalp. Rinse thoroughly and repeat if necessary. Follow with Shea butter Treatment Conditioner.</p>
<p><strong>INCI Ingredients</strong>: De-ionized water, African Black Soap, Coco-Glucoside, Sodium Cocoate, Potassium Olivate, Sucrose Cocoate, Butyrospermum Parkii (Shea Butter), Vitamin E, Chamomile Recutita (Matricaria) Flower Extract, (Chamomile), Carmelia Sinesis (Japanese Green Tea) leaf extract, Peppermint.</p>",All Naturals Cosmetics,Bulk-Shampoos & Conditioners,Bulk-Shampoos & Conditioners,true,Size,50lbs,,,,,,,deny,manual,195.00,,true,true,https://allnaturalscosmetics.com/wp-content/uploads/Black-Soap-shampoo.png,1,Black Soap Shampoo,active
black-soap-shampoo-2,,,,,,,,25lbs,,,,,,,deny,manual,120.00,,true,true,,,,
black-soap-shampoo-2,,,,,,,,Gallon,,,,,,,deny,manual,65.00,,true,true,,,,
hemp-oil-shampoo,Hemp oil Shampoo (unscented),"<p>Hemp oil Shampoo is formulated with Hemp Seed oil to:</p>
<ol>
<li>Provide strength and shine to hair;</li>
<li>Keep scalp healthy and hair nourished;</li>
<li>Combat dryness without greasy after-feel;</li>
<li>Deposit Omega fatty acids- one of several building blocks for hair growth and restoration.</li>
</ol>
<p><strong><span lang=""EN"">Ingredients:</span><span lang=""EN""> </span></strong>De-Ionized Spring Water, Alkyl Polyglucosides, Cocomidopropyl Betaine, Sodium Cocoamphoacetate, Cannabis Sativa (Hemp) Seed Oil, <span lang=""EN"">Persea Gratissima (Avocado) Oil</span><span lang=""EN""> </span>Sodium Chloride (salt), Vegetable Glycerine, Panthanol (Pro Vitamin B 5),Salix Alba (White Willow) Bark Extract, Chamomilla Recutita (Matricaria) Flower Extract (Chamomile), Sambucus Nigra (Elder) Flower Extract</p>",All Naturals Cosmetics,Bulk-Shampoos & Conditioners,"Bulk-Shampoos & Conditioners, Spas & Salons",true,Size,50lbs,,,,,,,deny,manual,225.00,,true,true,https://allnaturalscosmetics.com/wp-content/uploads/hemp-oil-shampoo_50-1.jpg,1,Hemp oil Shampoo (unscented),active
hemp-oil-shampoo,,,,,,,,25lbs,,,,,,,deny,manual,135.00,,true,true,,,,
hemp-oil-shampoo,,,,,,,,Gallon,,,,,,,deny,manual,95.00,,true,true,,,,
shea-butter-leave-in-conditioner-2,Shea Butter Leave in Conditioner,"<p><span lang=""EN"">Our Shea Butter Leave-In Conditioner is loaded with moisture rich ingredients to:</span></p>
<ol>
<li><span lang=""EN"">Protect your hair from environmental stressors;</span></li>
<li>Deter hair frizz and split ends and leave hair silky, soft and shiny;</li>
<li>Moisturize and prevent dryness;</li>
<li>Restore moisture to damaged, dry hair;</li>
<li>Recondition, revitalize, strengthen and rejuvenate the look and texture of  hair;</li>
<li>Reduce flaky build-up or residue;</li>
<li>Deliver intense conditioning and hair fortification without build-up.</li>
</ol>
<p>Blended with Avocado oil, Glycerin and emollient conditioning agents for manageability; it will impart a healthy glow &amp; strength. Simply apply after your hair is rinsed and towel dried, using your fingers or a comb to coat the hair from scalp to tips.</p>
<p><strong>The Direction for Use:</strong><strong> </strong>After shampooing with your favourite Shampoo, massage Shea Butter treatment conditioner or your preferred conditioner into your scalp and hair, concentrating on the ends and other damaged areas. Rinse thoroughly. Finish with the Shea butter leave-in conditioner. For extremely damaged hair, leave the Shea Butter Treatment Conditioner on for 30 minutes before rinsing off.</p>
<p><strong>Ingredients: </strong>Aqua, Butyrospermum Parkii(organic Shea Butter), Stearyl Alcohol, Capric/Caprillic Triglyceride, Glucerin, Emulsifying Wax NF, Argania Spinosa (Argan) Kernel oil, Polyquaternium-10,  Glycerin, Capric/Caprillic Triglyceride, Ricinus communis (Castor) oil, Guar Gum, Citrus Grandis(Grapefruit) Seed oil, Tocopherol (Vitamin E), Mentha Piperita, Sodium Benzoate, Potassium Sorbate</p>",All Naturals Cosmetics,Bulk-Shampoos & Conditioners,"Bulk-Shampoos & Conditioners, Spas & Salons",true,Size,50lbs,,,,,,,deny,manual,350.00,,true,true,https://allnaturalscosmetics.com/wp-content/uploads/shea-butter-leave-in-conditioner_50.jpg,1,Shea Butter Leave in Conditioner,active
shea-butter-leave-in-conditioner-2,,,,,,,,25lbs,,,,,,,deny,manual,200.00,,true,true,https://allnaturalscosmetics.com/wp-content/uploads/bulk-shampoos-amp-conditioners/Shea-Butter-Leave-in-Conditioner_50.jpg,2,Shea Butter Leave in Conditioner,
shea-butter-leave-in-conditioner-2,,,,,,,,Gallon,,,,,,,deny,manual,132.00,,true,true,https://allnaturalscosmetics.com/wp-content/uploads/bulk-shampoos-amp-conditioners/Shea-Butter-Leave-in-Conditioner_25.jpg,3,Shea Butter Leave in Conditioner,
shea-butter-treatment-conditioner-2,Shea Butter Treatment Conditioner,"<p><span lang=""EN"">Shea &#8220;All Naturals&#8221; Shea Butter Treatment Conditioner is an ultra-rich intensive treatment that helps to smooth frizz and seal in moisture while protecting your hair from environmental stressors/pollutants.  Lightly minted, it opens pores to allow plant-derived treatment penetration to hair, deep conditions, pampers, provides growth advantage, and fortifies hair from root to tip. Castor Oil is known for its anti-frizz and hair thickening properties, leaving hair smoother, tangle-free, and fuller. Protein infuses strength to the hair shaft and Shea Butter moisturizes keeping your hair healthy and lush.</span></p>
<p><strong>Purpose:</strong></p>
<ol>
<li>To restore moisture and <span lang=""EN"">shield against the damaging effects of heat styling and over-processing;</span></li>
<li>Invigorating hair and scalp treatment <span lang=""EN"">for amazingly beautiful hair growth.</span></li>
</ol>
<p><strong>Hair Types:</strong> All hair types and textures (curly, wave, kinky, natural, chemically-treated, and colored).</p>
<p><strong>Hair Conditions:</strong> Dry, damaged, brittle, breaking, split ends, healthy</p>
<p><strong>Product Texture:</strong> Creamy</p>
<p><strong>Aroma:</strong> Peppermint essential oil</p>
<p><strong>What it does not contain:</strong> <strong>No</strong> paraben, mineral oil, petrolatum, sulfates, phthalates, dyes, silicone, and gluten. Non-comedogenic,<strong> Not</strong> tested on animals.</p>
<p><strong>The Direction for Use</strong>: After shampooing, squeeze out excess water. Then massage into your hair, concentrating on the ends, other damaged areas, and scalp. Rinse out. For damaged hair, leave on hair for 10-20 minutes with a heat cap on (depending on the extent of hair damage). Rinse thoroughly.</p>
<p><strong>Ingredients:</strong> De-Ionized Water, <span lang=""EN"">Aqua, Cetyl Alcohol, Simmondsia Chinensis (Jojoba) Seed Oil, Butyrospermum Parkii (Shea Butter), Guar Gum, Hydrolyzed Silk Amino Acids, protein, Castor Isostearate Succinate (Castor) Oil, Vegetable Glycerin,  Aloe Barbadensis Leaf Juice, Chamomilla Recutita (Matricaria) Flower Extract, Castor Isostearate Succinate, Hydrolyzed wheat protein, Lactic Acid, Citric Acid, Peppermint.</span></p>",All Naturals Cosmetics,Bulk-Shampoos & Conditioners,"Bulk-Shampoos & Conditioners, Spas & Salons",true,Size,50lbs,,,,,,,deny,manual,325.00,,true,true,https://allnaturalscosmetics.com/wp-content/uploads/treatment-conditioner-1.jpg,1,Shea Butter Treatment Conditioner,active
shea-butter-treatment-conditioner-2,,,,,,,,25lbs,,,,,,,deny,manual,185.00,,true,true,,,,
shea-butter-treatment-conditioner-2,,,,,,,,Gallon,,,,,,,deny,manual,115.00,,true,true,,,,
shea-butter-hair-scalp-oil,Shea Butter Hair & Scalp oil,"<p>Our Shea Butter Hair &amp; Scalp oil has no petrolatum or mineral oil and formulated to:</p>
<ol>
<li>Support healthy hair growth;</li>
<li>Reduce hair breakage and split ends;</li>
<li>Reduce scalp and hair dryness;</li>
<li>Condition hair and scalp for fuller, thicker locks.</li>
</ol>
<p>It is good for all hair types, non-comedogenic (will not block pores) and very light</p>
<p><strong>The Directions For Use: </strong>Shampoo and rinse hair well. Follow with Shea Butter Treatment Conditioner or your preferred rinse-out conditioner. Rinse well. You may follow with a leave-in conditioner- we recommend our Shea Butter Leave-in Conditioner, comb through. Complete grooming by applying Shea Butter Hair and Scalp oil to your scalp and massage to the tips of your hair. Style as usual.</p>
<p><strong><span lang=""EN"">INCI </span></strong><strong>Ingredients:</strong> <span lang=""EN"">Glycine Soja (Soybean) oil, Cocos Nucifera (Coconut) oil, Glycine Soja (Soybean) wax, Lanolin, Butyrospermum Parkii, Simmondsia Chinesis (Jojoba) Seed oil, Canibis Sativa (Hemp) Seed oil, Persea Gratissima (Avocado) oil, Ricinus Communis (Castor) oil, Tocopherol (Vitamin E), Theobroma Cocao Butter, Peppermint essential oil</span></p>",All Naturals Cosmetics,"Bulk-Hair, Scalp, Twist and Lock","Bulk-Hair / Scalp / Twist and Lock, Spas & Salons",true,Size,50lbs,,,,,,,deny,manual,450.00,,true,true,https://allnaturalscosmetics.com/wp-content/uploads/shea-butter-hair-scalp-oil_50.jpg,1,Shea Butter Hair & Scalp oil,active
shea-butter-hair-scalp-oil,,,,,,,,25lbs,,,,,,,deny,manual,265.00,,true,true,https://allnaturalscosmetics.com/wp-content/uploads/bulk-hair-scalp-twist-and-lock/Shea-Butter-Hair-Scalp-Oil_25.jpg,2,Shea Butter Hair & Scalp oil,
shea-butter-hair-scalp-oil,,,,,,,,8lbs,,,,,,,deny,manual,125.00,,true,true,https://allnaturalscosmetics.com/wp-content/uploads/bulk-hair-scalp-twist-and-lock/Shea-Butter-Hair-Scalp-Oil_8.jpg,3,Shea Butter Hair & Scalp oil,
shea-butter-hair-scalp-oil-2,Shea Butter Hair & Scalp Oil,"<p>Shea &#8220;All Naturals&#8221; Shea Butter Hair &amp; Scalp Oil is wholesome goodness in a jar. It is very light, easy to apply, and does not clog pores as it does not contain petrolatum or mineral oil. With clean, natural oils as ingredients, this semi-solid oil is formulated with healthy consumers at heart and it provides a healthy environment for hair to grow. Help your hair grow easier- incorporate our non-comedogenic hair oil in your hair care regimen. Once tried, you will not go back!</p>
<p><strong>Purpose:</strong></p>
<ol>
<li>Supports healthy hair growth;</li>
<li>Reduces hair breakage and split ends problems;</li>
<li>Reduces scalp and hair dryness;</li>
<li>Conditions hair and scalp for fuller, thicker locks.</li>
</ol>
<p><strong>Hair Types:</strong> All hair types and textures (curly, wave, kinky, natural, straight, chemically-treated, and colored)</p>
<p><strong>Hair Conditions:</strong> Dry, damaged, brittle, breaking, split ends, healthy</p>
<p><strong>Texture: </strong>Semi-solid but light. Will melt into liquid oil in a very warm environment</p>
<p><strong>Aroma: </strong><span lang=""EN"">Peppermint essential Oil</span></p>
<p><strong>What it does not contain:</strong> Parabens, silicone, petrolatum by-products, harmful preservatives, fragrances</p>
<p><strong>The Directions For Use: </strong>Shampoo and rinse hair well. Follow with Shea Butter Treatment Conditioner or your preferred rinse-out conditioner. Rinse well. You may follow with a leave-in conditioner- we recommend our Shea Butter Leave-in Conditioner, comb through. Complete grooming by applying Shea Butter Hair and Scalp oil to your scalp and massage to the tips of your hair. Style as usual.</p>
<p><strong><span lang=""EN"">INCI </span></strong><strong>Ingredients:</strong> <span lang=""EN"">Glycine Soja (Soybean) Oil, Cocos Nucifera (Coconut) Oil, Glycine Soja (Soybean) wax, Butyrospermum Parkii, Simmondsia Chinesis (Jojoba) Seed Oil, Cera Alba (Beeswax), Cannabis Sativa (Hemp) Seed Oil, Persea Gratissima (Avocado) Oil, Ricinus Communis (Castor) Oil, Tocopherol (Vitamin E), Theobroma Cocao Butter, Aroma</span></p>
<p><strong>Size:</strong> 6oz/170grams</p>",All Naturals Cosmetics,Family Hair Care,"Family Hair Care, Hair oils / Lotions & Sprays",true,Title,Default Title,,,,,,,deny,manual,15.00,,true,true,https://allnaturalscosmetics.com/wp-content/uploads/sbhco1.jpg,1,Shea Butter Hair & Scalp Oil,active
shea-butter-hair-scalp-oil-2,,,,,,,,,,,,,,,,,,,,,https://allnaturalscosmetics.com/wp-content/uploads/sbhco2.jpg,2,Shea Butter Hair & Scalp Oil,
shea-butter-hair-scalp-oil-2,,,,,,,,,,,,,,,,,,,,,https://allnaturalscosmetics.com/wp-content/uploads/sbhco3.jpg,3,Shea Butter Hair & Scalp Oil,
shea-butter-hair-scalp-oil-2,,,,,,,,,,,,,,,,,,,,,https://allnaturalscosmetics.com/wp-content/uploads/sbhco4.jpg,4,Shea Butter Hair & Scalp Oil,
shea-butter-hair-scalp-oil-2,,,,,,,,,,,,,,,,,,,,,https://allnaturalscosmetics.com/wp-content/uploads/sbhco7.jpg,5,Shea Butter Hair & Scalp Oil,
shea-butter-hair-scalp-oil-2,,,,,,,,,,,,,,,,,,,,,https://allnaturalscosmetics.com/wp-content/uploads/sbhco6.jpg,6,Shea Butter Hair & Scalp Oil,
shea-butter-hair-scalp-oil-2,,,,,,,,,,,,,,,,,,,,,https://allnaturalscosmetics.com/wp-content/uploads/sbhco5.jpg,7,Shea Butter Hair & Scalp Oil,
sandalwood-scrub,Sandalwood Scrub,"<p>Our Sandalwood Body Scrub is made with Sandalwood powder traditionally known to the people of Nigeria as Osun , to:</p>
<ol>
<li>Exfoliate dead, scaly skin;</li>
<li>Reveal softer, clearer, cleaner skin;</li>
<li>Support drying, maturing skin.</li>
<li>fight acne-causing bacteria, soothe sunburn, remove suntan and reduce signs of ageing such as dry skin and wrinkles</li>
</ol>
<p><strong>Directions for use: </strong>Apply the scrub to wet skin and gently massage in circular motion to activate exfoliation. Rinse with lukewarm water and follow with a toner or moisturizer</p>
<p><strong>Ingredients:</strong> De-Ionized Water, Sucrose, Sodium Chloride (salt), Santalum Album (<em>Sandalwood</em>) powder, Persea Gratissima (Avocado) Oil, Vitis Vinifera (Grapeseed) Oil, Simmondsia Chinensis (Jojoba) Beads, Caprylic/Capric Triglycerides, Vegetable Glycerine, Cannabis Sativa (Hemp) Seed Oil, Pumice Stone, Polysorbate 20, Cetyl Alcohol (Fatty Acid), Emulsifying Wax NF, Citrus aurantifolia (<em>Lime</em>) <em>Oil, Phenoxyethanol</em></p>",All Naturals Cosmetics,Bulk-Bath & Body,"Bulk-Bath & Body, Family Body Care, Scrubs, Spas & Salons",true,Size,50,,,,,,,deny,manual,270.00,,true,true,https://allnaturalscosmetics.com/wp-content/uploads/sandalwood-body-scrub_50.png,1,Sandalwood Scrub,active
sandalwood-scrub,,,,,,,,25,,,,,,,deny,manual,160.00,,true,true,,,,
sandalwood-scrub,,,,,,,,8.8,,,,,,,deny,manual,85.00,,true,true,,,,
skin-renewal-facial-cream-2,Skin Renewal Facial Cream,"<p>Our skin renewal facial cream is all-natural and made to smooth the look of lines and wrinkles while improving uneven skin tones as well as skin elasticity. Made with Dulse seaweed active components, it possesses amazing minerals, vitamins, antioxidants, and fatty acids to calm, moisturize and repair your skin. Shea &#8220;All Naturals&#8221; Skin Renewal Facial Cream is made for both the young and the matured and can be used both day and night times.</p>
<p><strong>Purpose:</strong></p>
<ol>
<li>To visibly reduce early signs of aging;</li>
<li>To replenish lost moisture;</li>
<li>To rejuvenate the skin;</li>
<li>To relax facial muscles and reduce the appearance of lines and wrinkles.</li>
</ol>
<p><strong>Skin Conditions: </strong>Sensitive, Normal, Dry, Oily</p>
<p><strong>Skin Age:</strong> All ages</p>
<p><strong>Product Texture:</strong> Creamy</p>
<p><strong>Aroma:</strong> Hybiscus</p>
<p><strong>What it does not contain: </strong>Parabens, harmful preservatives, mineral oil, paraffin, petrolatum.</p>
<p><strong>The Direction for Use: </strong>Wash with our Shea Butter Facial Wash or your preferred facial wash. Pat dry and apply a pea-sized portion of the skin renewal facial cream all over the face concentrating more around the eye and mouth area.</p>
<p><strong>Ingredients:</strong><br />
Water/Aqua, Butyrospermum Parkii (Organic Shea Butter), Cocoa Butter, Emulsifying Wax NF, Stearic Acid, Olive Oil, Glyceryl Stearate, Palmitoyl Pentapeptide-4 (Matrixyl- Dulce Sea Weed derived), Tocopherol (Vitamin E), Hydroxypropyl Cellulose (sugar derived), Aloe Vera leaf juice, Potassium Sorbate, Grapefruit Seed Extract, Grape Seed Oil, Hybiscus</p>",All Naturals Cosmetics,Bulk- Face Care,Bulk- Face Care,true,Size,50lbs,,,,,,,deny,manual,650.00,,true,true,https://allnaturalscosmetics.com/wp-content/uploads/skin-renewal-facial-cream_50.jpg,1,Skin Renewal Facial Cream,active
skin-renewal-facial-cream-2,,,,,,,,25lbs,,,,,,,deny,manual,400.00,,true,true,,,,
skin-renewal-facial-cream-2,,,,,,,,8.8lbs,,,,,,,deny,manual,250.00,,true,true,,,,
blemish-free-facial-toner,Blemish-Free Facial Toner,"<p>Our Blemish Free Facial Toner is made with Willow Bark Extract and penetrates pores to:</p>
<ol>
<li>Reduce acne &amp; acne blemishes;</li>
<li>Remove lingering traces of cleansers, residual dirt, oil, and make-up;</li>
<li>Rejuvenate the skin;</li>
<li>Tighten pores and give a healthy, glowing complexion.</li>
</ol>
<p><strong>The Direction for Use: </strong>Use on face and neck as a mist, with a cotton pad or apply with your hand. For external use only and avoid direct eye contact.</p>
<p><strong><span lang=""EN"">Ingredients:</span></strong><em><span lang=""EN""> </span></em>De-Ionized Water, Tea Tree Floral Water, Hamamelis Virginiana (<em>Witch Hazel</em>) leaf extract, Polysorbate 20, Vegetable Glycerin, Aloe Barbadensis (Aloe Vera) Leaf Juice.</p>",All Naturals Cosmetics,Bulk- Face Care,"Bulk- Face Care, Spas & Salons",true,Size,50lbs,,,,,,,deny,manual,175.00,,true,true,https://allnaturalscosmetics.com/wp-content/uploads/Blemish-Free-Facial-Toner.png,1,Blemish-Free Facial Toner,active
blemish-free-facial-toner,,,,,,,,25lbs,,,,,,,deny,manual,100.00,,true,true,,,,
blemish-free-facial-toner,,,,,,,,Gallon,,,,,,,deny,manual,55.00,,true,true,,,,
enriched-day-cream,Enriched Day Cream,"<p>A day cream rich in enriching and cell regenerating nutrients to:</p>
<ol>
<li>Deeply moisturize the skin without heavy, tacky after-feel;</li>
<li>Revive and wake your skin to a healthy glow;</li>
<li>Reduce dry, patchy, scaly skin feeling;</li>
<li>Function as under make-up cream.</li>
</ol>
<p><strong>The Direction for Use: </strong>Wash with your favorite cleanser, apply Blemish-Free Toner and follow with the Day Cream</p>
<p><strong><span lang=""EN"">INCI Ingredients:</span></strong><span lang=""EN""> Aqua</span>,<em> </em><span class=""bodyitalic1"">Aloe Barbadensis (Aloe Leaf) Gel, Persea Gratissima (Avocado Seed) oil, Simmondsia Chinesis (Jojoba Seed) oil, Vittis Vinefera (Grape Seed) Oil, Vegetable Glycerine, Capric/Caprylic Triglycerides, Stearic Acid, Cetyl Alcohol, Glyceryl Monostearate, Tocopherol (Vitamin E)</span></p>",All Naturals Cosmetics,Bulk- Face Care,Bulk- Face Care,true,Size,50lbs,,,,,,,deny,manual,295.00,,true,true,https://allnaturalscosmetics.com/wp-content/uploads/enriched-day-cream_50.jpg,1,Enriched Day Cream,active
enriched-day-cream,,,,,,,,25lbs,,,,,,,deny,manual,180.00,,true,true,,,,
enriched-day-cream,,,,,,,,8.8lbs,,,,,,,deny,manual,95.00,,true,true,,,,
skin-rejuvenating-night-cream-8-8lb-size-8-8lbskin-rejuvenating-night-cream-8-8lbnight-cream-3,Rejuvenating Night Cream,"<p>Our Rejuvenating Night Cream is made to:</p>
<ol>
<li>Leave no sticky feeling;</li>
<li>Make skin soft, pliable and retain moisture to ease dry, thirsty skin;</li>
<li><span class=""body1"">Nourish and soften even the driest skin to restore beauty and radiance;</span></li>
<li>Infuse moisture into skin;</li>
<li>Work while you sleep to refresh you skin. Your skin will wake in the morning to a healthy glow.</li>
</ol>
<p><strong><span lang=""EN"">The Directions for Use: </span></strong><span lang=""EN"">Wash face, follow with Blemish-Free Toner and complete with the Skin Rejuvenating Night Cream.</span></p>
<p><strong><span lang=""EN"">INCI Ingredients:</span></strong><span class=""bodyitalic1""><span lang=""EN""> </span></span><span class=""bodyitalic1"">De-Ionized Water, Butyrospermum Parkii (Shea Butter), Aloe Barbadensis (Aloe leaf gel), Persea Gratissima (Avocado Seed) oil, Cocoa Butter, Vegetable Glycerin, Emulium Mellifera, Cetyl Alcohol, Emulsifying Wax NF, Simmondsia Chinesis (Jojoba Seed) oil, Vittis Vinefera (Grape Seed) oil, Glyceryl Stearate SE, Orange Aroma, Sodium Benzoate (and) Potassium Sorbate.</span></p>",All Naturals Cosmetics,Bulk- Face Care,Bulk- Face Care,true,Size,50lbs,,,,,,,deny,manual,450.00,,true,true,https://allnaturalscosmetics.com/wp-content/uploads/skin-rejuvenating-night-cream_50.jpg,1,Rejuvenating Night Cream,active
skin-rejuvenating-night-cream-8-8lb-size-8-8lbskin-rejuvenating-night-cream-8-8lbnight-cream-3,,,,,,,,25lbs,,,,,,,deny,manual,225.00,,true,true,,,,
skin-rejuvenating-night-cream-8-8lb-size-8-8lbskin-rejuvenating-night-cream-8-8lbnight-cream-3,,,,,,,,8.8lbs,,,,,,,deny,manual,125.00,,true,true,,,,
passion-fruit-face-neck-cream-8-8lb-size-8-8lbpassion-fruit-face-neck-cream-8-8lbpassion-fruit-face-neck-cream-3,Passion Fruit Face & Neck Cream,"<p>Our Passion Fruit Face and Neck Cream is made for normal to sensitive skin to:</p>
<ol>
<li>Moisturize face and neck skin;</li>
<li>Tone face and neck skin;</li>
<li>Reduce the appearance of sagging, wrinkled-skin;</li>
<li>Protect face and neck skin from environmental stressors.</li>
</ol>
<p><strong>Ingredients: </strong><span class=""bodyitalic1"">Aloe Barbadensis, (Aloe leaf gel)</span>, Butyrospermum Parkii (SheaButter), Passiflora Incarnata (Passion fruit) oil, Mangifera Indica (Mango Butter) Seed Oil, Olea Europaea (Olive) Oil, Prunus Dulcis (Almond) Oil, Persea Gratissima (Avocado) Oil, Helianthus Annuus (Sunflower) Seed Oil, Vitis Vinifera (Grape) Seed Oil, Capric/Caprilic Triglycerides, Vegetable Glycerin, Stearic Acid, Glyceryl Stearate, Cetyl Alcohol, Aloe Barbadensis (Aloe) Leaf Juice, Tocopherol (Vitamin E),</p>",All Naturals Cosmetics,Bulk- Face Care,"Bulk- Face Care, Spas & Salons",true,Size,50lbs,,,,,,,deny,manual,295.00,,true,true,https://allnaturalscosmetics.com/wp-content/uploads/passion-fruit-face-neck-cream-1.jpg,1,Passion Fruit Face & Neck Cream,active
passion-fruit-face-neck-cream-8-8lb-size-8-8lbpassion-fruit-face-neck-cream-8-8lbpassion-fruit-face-neck-cream-3,,,,,,,,25lbs,,,,,,,deny,manual,185.00,,true,true,,,,
passion-fruit-face-neck-cream-8-8lb-size-8-8lbpassion-fruit-face-neck-cream-8-8lbpassion-fruit-face-neck-cream-3,,,,,,,,8.8lbs,,,,,,,deny,manual,95.00,,true,true,,,,
willow-bark-acne-face-cream,Willow Bark Acne Face Cream,"<p><span lang=""EN"">Our Willow Bark Acne-Face Cream:</span></p>
<ol>
<li>Is very light and made with ayurvedic neem oil and the natural Salicylic Acid<span lang=""EN""> derived from the bark of Willow tree;</span></li>
<li><span lang=""EN""> It is an effective preparation for the treatment of acne.</span></li>
</ol>
<p><span lang=""EN"">You may also market the cream for psoriasis, calluses, corns, Keratosis Pillaris and Warts. This is essential because the Salicylic Acid works as both a keratolytic and Comedolytic agent by causing the cells of the epidermis to shed more readily, opening clogged pores and neutralizing bacteria within, preventing pores from clogging up again by constricting pore diameter and allowing room for new cell growth. </span><span lang=""EN"">Salicylic acid is known for its ability to ease aches and pains and reduce fevers. These medicinal properties, particularly fever relief, have been known since ancient times, and it was used as an anti-inflammatory drug.</span></p>
<p><span lang=""EN""> Some researchers believe that salicylate is an essential micronutrient in the human diet, potentially qualifying as a vitamin,, namely Vitamin S. This shows that it is a natural and needed element in our body upkeep.</span></p>
<p><strong><span lang=""EN"">Ingredients: </span></strong><span lang=""EN"">De-Ionized Water, Emulsifying Wax NF, Stearic Acid, Salicylic Acid (Willow Bark) Extract, Cetyl Alcohol, Azadirachta Indica (Neem) Seed Oil, Spiraea Ulmira (Meadowsweet) Extract, Chamomilla Recutita (Chamomile) Extract, Tocopherol Extract</span></p>",All Naturals Cosmetics,Bulk- Face Care,"Bulk- Face Care, Spas & Salons",true,Size,8.8lbs,,,,,,,deny,manual,95.00,,true,true,https://allnaturalscosmetics.com/wp-content/uploads/willow-bark-acne-face-cream-1.jpg,1,Willow Bark Acne Face Cream,active
willow-bark-acne-face-cream,,,,,,,,25lbs,,,,,,,deny,manual,210.00,,true,true,,,,
willow-bark-acne-face-cream,,,,,,,,50lbs,,,,,,,deny,manual,300.00,,true,true,,,,
tropical-body-oil-with-argan,Tropical Body oil with Argan,"<p>Our Tropical Body oil is an amazing salve for body massaging and lubricating to provide:</p>
<ol>
<li>Relief against aching and sore muscles;</li>
<li>Deep skin moisturizing without greasy feel;</li>
<li>Reduced dryness for a softer, silky skin conditions.</li>
</ol>
<p><strong>The Direction for Use</strong>: Apply and rub into the body as often as desired or needed.</p>
<p><strong>Ingredients</strong>: Carthamus Tinctorius (Safflower seed oil), Capric/Caprillic Triglycerides oil, Simmondsia Chinesis Seed oil (Jojoba), Olea Europaea oil (Olive oil), Argania Spinosa (Argan) Kernel oil, Prunus Amygdalus Dulcis (Sweet Almond oil), Brassica Oleracea Italica (Broccoli) Seed oil, Butyrospermum Parkii (Shea Butter), Vitis vinifera (Grape) Seed oil, Tocopherol Acetate,(Vitamin E), Theobroma Cacao (Cocoa) Seed Butter</p>",All Naturals Cosmetics,Bulk-Bath & Body,"Bulk-Bath & Body, Spas & Salons",true,Size,50lbs,,,,,,,deny,manual,225.00,,true,true,https://allnaturalscosmetics.com/wp-content/uploads/tropical-body-oil-with-argan_50-1.jpg,1,Tropical Body oil with Argan,active
tropical-body-oil-with-argan,,,,,,,,25lbs,,,,,,,deny,manual,145.00,,true,true,,,,
tropical-body-oil-with-argan,,,,,,,,Gallon,,,,,,,deny,manual,70.00,,true,true,,,,
shea-butter-massage-body-oil,Shea Butter Massage & Body Oil,"<p>Shea &#8220;All Naturals&#8221; <strong>Shea Butter Massage Oil</strong> has an incredibly smooth glide, is not greasy, and readily absorbs into the skin. Getting your partner or therapist to massage you with our minted massage oil will provide you with comfort from aching and sore muscles. It washes out easily and will not stain your clothing.</p>
<p><strong>Purpose:</strong></p>
<ol>
<li>For body moisturizing and massaging;</li>
<li>Provides relief against aching, sore muscles and feet;</li>
<li>Reduces discomfort from symptoms of eczema and psoriasis.</li>
</ol>
<p><strong>The Direction of Use</strong>: Apply and rub into the body as often as desired or needed.</p>
<p><strong>Note:</strong> Avoid contact with eyes.</p>
<p><strong>Ingredients</strong>: Carthamus Tinctorius, Capric/Caprylic Triglycerides Oil, Simmondsia Chinensis Seed Oil, Olea Europaea Oil, Butyrospermum Parkii, Citrus Grandis (Grapefruit) Seed Oil, Tocopherol Acetate,(Vitamin E), Mentha Piperita Oil.</p>",All Naturals Cosmetics,Bulk-Bath & Body,"Bulk-Bath & Body, Spas & Salons",true,Size,50lbs,,,,,,,deny,manual,300.00,,true,true,https://allnaturalscosmetics.com/wp-content/uploads/shea-butter-massage-body-oil2.jpg,1,Shea Butter Massage & Body Oil,active
shea-butter-massage-body-oil,,,,,,,,25lbs,,,,,,,deny,manual,175.00,,true,true,,,,
shea-butter-massage-body-oil,,,,,,,,Gallon,,,,,,,deny,manual,85.00,,true,true,,,,
shea-cocoa-butter-base-lotion,Shea & Cocoa Butter Base Lotion,"<p>Our Shea+Cocoa Butter Lotion is rich with essential vitamins and healing oils to:</p>
<ol>
<li>Moisturize dry, patchy skin;</li>
<li>Keep skin silky soft;</li>
<li>Reduce frequency of after-hand washing moisturizing by chefs, mothers, medical &amp; allied health professions and <span lang=""EN"">all others who constantly dip their hands in the water. </span></li>
</ol>
<p><strong><span lang=""EN"">The Direction for Use: </span></strong><span lang=""EN"">Wash hands/skin. Dry and apply lotion. </span></p>
<p><strong><span lang=""EN"">INCI ingredients:</span></strong> De-Ionized Water, Helliantus Annuus (Sunflower) Seed oil, Soja Hispida (Soya Bean) oil, Theobroma Cacao (Cocoa) Seed Butter Capric/Capryllic Triglicerides, Emulsifying Wax NF, Stearic Acid, Butyrospermum Parkii (Shea Butter), Aloe Barbadensis (Aloe) Leaf Juice,Vitamin A, B, C, E, Camellia Sinensis (Japanese Green Tea) Leaf Extract, Cetyl Alcohol, Glyceryl Monostearate, Carbomer</p>",All Naturals Cosmetics,Bulk-Bath & Body,Bulk-Bath & Body,true,Size,50lbs,,,,,,,deny,manual,245.00,,true,true,https://allnaturalscosmetics.com/wp-content/uploads/shea-cocoa-butter-base-lotion_25.jpg,1,Shea & Cocoa Butter Base Lotion,active
shea-cocoa-butter-base-lotion,,,,,,,,25lbs,,,,,,,deny,manual,155.00,,true,true,https://allnaturalscosmetics.com/wp-content/uploads/bulk-bath-amp-body/Shea-Cocoa-Butter-Base-Lotion_50.jpg,2,Shea & Cocoa Butter Base Lotion,
shea-cocoa-butter-base-lotion,,,,,,,,Gallon,,,,,,,deny,manual,75.00,,true,true,,,,
shea-butter-moisturizer,Shea Butter Moisturizer,"<p>Shea &#8220;All Naturals&#8221; Shea Butter Moisturizer has been helping Canadian families since 2002. It is rich in Organic Shea Butter, Cocoa Butter and as such loaded naturally with essential vitamins and fatty acids to improve skin condition from dry, patchy, flaky to well moistured, healthy skin! Many users of our Shea Butter Moisturizer testified to improved skin conditions. Why not try it for yourself?</p>
<p><strong>Purpose:</strong></p>
<ol>
<li>Deeply softens and replenishes lost moisture;</li>
<li>Relieves dry, itchy, patchy skin conditions without leaving film, greasiness, or residue;</li>
<li>Reduces the appearance of patchy, uneven skin conditions.</li>
</ol>
<p>The product is safe for use by the whole family including men and babies.</p>
<p><strong>Skin Conditions:</strong> Normal, Dry, Oily, extremely dry, scaly, flaky, chapped, eczema, symptoms of psoriasis</p>
<p><strong>Texture: </strong>Creamy</p>
<p><strong>Aroma: Floral Knowing</strong></p>
<p><strong>What it does not contain:</strong> Parabens, Hexanes, harmful preservatives, silicone</p>
<p><strong>The Direction of Use</strong>: Wash with Shea Butter Body Wash or another cleanser of your preference. Rinse well and pat dry. Rub Shea Butter Moisturizer into the skin. It can be used day or night times, in all seasons or weather conditions.</p>
<p><strong>Ingredients</strong>:  Aqua(De-ionized Water),<span lang=""EN""> Butyrospermum Parkii (Shea) Butter, Theobroma Cocao (Cocoa) Butter, Vegetable Glycerine, Emulsifying wax NF, Stearate Acid, Cetyl Alcohol, Aqua (and) Sodium Benzoate (and) Potassium Sorbate, Aroma.</span></p>",All Naturals Cosmetics,Bulk-Bath & Body,"Bulk-Bath & Body, Spas & Salons",true,Size,50lbs,,,,,,,deny,manual,210.00,,true,true,https://allnaturalscosmetics.com/wp-content/uploads/shea-butter-moisturizer_50.jpg,1,Shea Butter Moisturizer,active
shea-butter-moisturizer,,,,,,,,25lbs,,,,,,,deny,manual,125.00,,true,true,,,,
shea-butter-moisturizer,,,,,,,,Gallon,,,,,,,deny,manual,75.00,,true,true,,,,
shea-butter-body-wash,Shea Butter Body Wash,"<p>Our Shea Butter Body Wash is a gentle, non-irritating cleanser made with 100% African Black soap, 100% Organic Shea Butter, Grapeseed Oil, and Aloe Vera. It sustains healthy normal skin and gently caresses the dry and delicate skin, lifting off dirt and impurities to reveal radiantly beautiful and glowing skin. The added Olive and Coconut Oil derived ingredients infuse additional moisture to keep skin healthy.</p>
<p><strong>Purpose:</strong></p>
<ol>
<li>Deeply cleanses skin without drying;</li>
<li>Moisturizes and improves skin radiance and glow.</li>
</ol>
<p><strong>Skin Type: </strong>All skin colors</p>
<p><strong>Skin Condition:</strong> Normal, oily, dry, uneven toned, with psoriasis, eczema, acne, etc.</p>
<p><strong>Product Texture: </strong>Honey-like</p>
<p><strong>Aroma:</strong> Grapefruit</p>
<p><strong>What it does not contain: </strong>No paraben, mineral oil, petrolatum, sulfates, phthalates, dyes, silicone, and gluten.</p>
<p><strong>INCI Ingredients: </strong>De-ionized water, African Black soap,  Potassium Cocoate (Coconut derived), Potassium Olivate (Olive), Butyrospermum Parkii (Shea Butter), Aloe Barbedensis Leaf Juice, Vegetable Glycerin, Hydroxypropyl Cellulose, Grape Seed Oil, Grapefruit Seed oil (Essential oil)</p>",All Naturals Cosmetics,Bulk-Bath & Body,"Bulk-Bath & Body, Spas & Salons",true,Size,50lbs,,,,,,,deny,manual,210.00,,true,true,https://allnaturalscosmetics.com/wp-content/uploads/shea-butter-body-wash_50.jpg,1,Shea Butter Body Wash,active
shea-butter-body-wash,,,,,,,,25lbs,,,,,,,deny,manual,120.00,,true,true,,,,
shea-butter-body-wash,,,,,,,,Gallon,,,,,,,deny,manual,65.00,,true,true,,,,
shea-butter-with-olive-oil,Shea Butter With Olive Oil,"<p>Our Shea Butter with Olive Oil has 4 amazing ingredients- <strong>Shea Butter, Olive Oil, Aloe Vera, and Lemongrass</strong> and each ingredient has its unique purpose! Olive Oil to combat excessive dry skin, Lemongrass to repel mosquitoes especially during those summer months, Aloe Vera to provide softening properties to those very hard callouses, and the Shea Butter with its vitamins and essential fatty acids, to replenish, revive and renew your skin. This product will soothe, moisturize, protect and safeguard your skin against environmental elements.  Our Shea Butter is ethically sourced and sustainably produced, and designed to support most skin needs.</p>
<p><strong> Purpose:</strong> For hair, scalp, and skin moisturizing</p>
<p><strong>Skin Conditions:</strong> Normal, dry, oily</p>
<p><strong>Aroma:</strong> Lemongrass essential oil</p>
<p><strong>Product Texture:</strong> Buttery</p>
<p><strong>What it does not contain:</strong> Parabens, solvents, harmful preservatives, mineral oil, paraffin, petrolatum, silicones, and fillers.</p>
<p><strong>The Direction of Use</strong>: After hand or body washing, rub between the palms and apply on the skin. This product can be used day and night time.<br />
<strong><br />
Ingredients</strong>: 100% unrefined, unbleached, Organic Shea Butter, Olive oil, Lemongrass, and Aloe Vera. The color of this product may vary from creamy ivory to light yellow due to the time of harvest.</p>",All Naturals Cosmetics,Bulk-Bath & Body,"Bulk-Bath & Body, Spas & Salons",true,Size,50lbs,,,,,,,deny,manual,300.00,,true,true,https://allnaturalscosmetics.com/wp-content/uploads/shea-butter-with-olive-oil_50.jpg,1,Shea Butter With Olive Oil,active
shea-butter-with-olive-oil,,,,,,,,25lbs,,,,,,,deny,manual,175.00,,true,true,,,,
shea-butter-with-olive-oil,,,,,,,,8.8lbs,,,,,,,deny,manual,75.00,,true,true,,,,
neem-oil-shower-gel,Neem oil Shower Gel,"<p>Washing with our Neem oil shower gel will:</p>
<ol>
<li><span lang=""EN"">Keep your skin clean and vibrant;</span></li>
<li><span lang=""EN"">Reduce appearance of blemishes (Neem is traditionally used for relieving acne and other skin blemishes);</span></li>
<li><span lang=""EN"">Provide some moisturize and healing for a clearer skin.</span></li>
</ol>
<p><strong>Note: </strong></p>
<ul>
<li><span lang=""EN"">The Neem oil shower gel contains no Sodium Laureth Sulphate (SLES), Sodium Lauryl Sulphates (SLS) and Parabens</span></li>
<li><span lang=""EN"">It amazingly repels mosquitoes</span></li>
</ul>
<p><strong>The Directions for Use:</strong> Wet sponge, add Neem oil Shower Gel to the sponge. Wash skin with sponge. Rinse well and pat skin dry. Complete grooming with your favourite lotion/butter/moisturizer.</p>
<p><strong>Ingredients: </strong></p>",All Naturals Cosmetics,Bulk-Bath & Body,"Bulk-Bath & Body, Spas & Salons",true,Size,50lbs,,,,,,,deny,manual,195.00,,true,true,https://allnaturalscosmetics.com/wp-content/uploads/neem-oil-shower-gel_50.jpg,1,Neem oil Shower Gel,active
neem-oil-shower-gel,,,,,,,,25lbs,,,,,,,deny,manual,125.00,,true,true,,,,
neem-oil-shower-gel,,,,,,,,Gallon,,,,,,,deny,manual,75.00,,true,true,,,,
hemp-oil-lotion,Hemp Oil Lotion,"<p>Our Hemp oil lotion boasts of Hemp oil, Grape Seed, Sweet Almond  that are cold pressed to retain their minerals, vitamins and essential fatty acids. This rich lotion:</p>
<ol>
<li>Conditions and replenishes the skin;</li>
<li>Assists in correcting annoying problematic skin conditions such as symptoms of psoriasis and eczema;</li>
<li>Deeply moisturizes the skin.</li>
</ol>
<p><strong>The Direction for Use: </strong>Wash with our Hemp Seed Body Wash. Pat skin dry and complete grooming with the Hemp oil Lotion.</p>
<p><strong>Ingredients:</strong> De-Ionized Water, Cannabis Sativa (Hemp Seed) Oil, Vitis Vinifera (Grape) Seed Oil, Prunus Amygdalus Dulcis (Sweet Almond) Oil, Helliantus Annuus (Sunflower) Seed Oil, Capric/Capryllic Triglicerides, Azadirachta Indica (Neem) Seed oil,  Emulsifying Wax NF, Vegetable Glycerin, Stearic Acid, Butyrospermym Parkii (Shea Butter), Aloe Barbadensis (Aloe) Leaf Juice, Chamomilla Recutita (Matricaria) Flower Extract (Chamomile), Tocopherol (Vitamin E), Camellia Sinensis (Japanese Green Tea) Leaf Extract, Cetyl Alchol (Fatty Acid), Glyceryl Monostearate, Orange-five aroma</p>",All Naturals Cosmetics,Bulk-Bath & Body,"Bulk-Bath & Body, Spas & Salons",true,Size,50lbs,,,,,,,deny,manual,250.00,,true,true,https://allnaturalscosmetics.com/wp-content/uploads/hemp-oil-lotion_50.jpg,1,Hemp Oil Lotion,active
hemp-oil-lotion,,,,,,,,25lbs,,,,,,,deny,manual,145.00,,true,true,,,,
hemp-oil-lotion,,,,,,,,Gallon,,,,,,,deny,manual,75.00,,true,true,,,,
hemp-oil-body-wash,Hemp oil Body Wash,"<p>Our Hemp Seed Body Wash is a mild, creamy body wash with Hemp seed oil to:</p>
<ol>
<li>Deeply cleanse your skin without leaving film/residue;</li>
<li>Keep your skin energetic all day long;</li>
<li>Restore lost body moisture and invigorate your skin.</li>
</ol>
<p><strong>Hempseed oil</strong> is pressed from the seed of the hemp (cannabis) plant irrespective of the strain of cannabis. Cold pressed, unrefined hemp oil is dark to clear light green in color, with a pleasant nutty flavor. The darker the color, the grassier the flavour.</p>
<p><strong>Ingredients: </strong>De-ionized Water, (and) Sodium Lauroyl Methyl Isethionate (and) Cocamidopropyl Betaine (and) Sodium Cocoyl Isethionate (and) Sodium Methyl Oleoyl Taurate (and) Trisodium Ethylenediamine Disuccinate, Cannabis Sativa (Hemp) Seed oil, Potassium Cocoate (Coconut), Potassium Olivate (Olive), Shea Butter, Aloe Vera Leaf Juice, Vegetable Glycerin, Hydroxypropyl Cellulose, Grapefruit essential oil</p>",All Naturals Cosmetics,Bulk-Bath & Body,Bulk-Bath & Body,true,Size,50lbs,,,,,,,deny,manual,220.00,,true,true,https://allnaturalscosmetics.com/wp-content/uploads/hemp-oil-body-wash_25-1.jpg,1,Hemp oil Body Wash,active
hemp-oil-body-wash,,,,,,,,25lbs,,,,,,,deny,manual,145.00,,true,true,,,,
hemp-oil-body-wash,,,,,,,,Gallon,,,,,,,deny,manual,75.00,,true,true,,,,
kukui-body-butter,KuKui Body Butter,"<p>A premium creamy butter that:</p>
<ol>
<li>Deeply moisturizes your skin without leaving any white film;</li>
<li>Reduces the appearance of dry, patchy skin, callouses, rough hands, golfer’s syndrome, rough heels, stretch mark prevention and gardening syndrome;</li>
<li>Supports sensitive skin care regimen.</li>
</ol>
<p><strong>Ingredients:  </strong>Deionized Water, Helianthus Annuus (Sunflower) Seed oil, Kukui oil, Cannabis Sativa (Hemp Seed) oil, Olea Europaea (Olive) Fruit oil, Cocos Nucifera (Coconut) oil, Caprylic/Capric Triglyceride, Polyglyceryl-3 Stearate, Sodium Stearoyl Lactylate, Glycerine (Vegetable), Symphytum Officinale (Comfrey) Extract, Butyrospermum Parkii (Shea Butter), Vitis Vinifera (Grape) Seed Extract, Glyceryl Caprylate, Citrus Grandis (Grapefruit) Seed Extract, Tocopherol (Vitamin E)</p>",All Naturals Cosmetics,Bulk-Bath & Body,"Bulk-Bath & Body, Spas & Salons",true,Size,50lbs,,,,,,,deny,manual,225.00,,true,true,https://allnaturalscosmetics.com/wp-content/uploads/kukui-body-butter_25.jpg,1,KuKui Body Butter,active
kukui-body-butter,,,,,,,,25lbs,,,,,,,deny,manual,125.00,,true,true,,,,
kukui-body-butter,,,,,,,,8.8lbs,,,,,,,deny,manual,75.00,,true,true,,,,
high-end-luxurious-lotion,High-End Luxurious Lotion,"<p>Our premium high-end luxurious lotion is formulated with anti-oxidants and botanical to:</p>
<ol>
<li>Nourish and retain skin&#8217;s youthfulness;</li>
<li>To protect the skin from free radicals;</li>
<li>Keep your skin supple and healthy! <em>Need we say more</em>?</li>
</ol>
<p><strong>The Direction for Use: </strong>Apply after washing the skin and use as often as desired.</p>
<p><strong>Ingredients:</strong> De-Ionized Water, Vitis Vinifera (Grape) Seed Oil, Prunus Amygdalus Dulcis (Sweet Almond) Oil, Organic Butyrospermum Parkii (Shea Butter), Helliantus Annuus (Sunflower) Seed Oil, Persea Gratissima (Avocado) Oil, Capric/Capryllic Triglicerides, Emulsifying Wax NF, Vegetable Glycerin, Stearic Acid, Aloe Barbadensis (Aloe) Leaf Juice, Chamomilla Recutita (Matricaria) Flower Extract (Chamomile), Silk Amino Acids, Tocopherol (Vitamin E), Camellia Sinensis (Japanese Green Tea) Leaf Extract, Cetyl Alchol (Fatty Acid), Glyceryl Monostearate, , Sorbitol, Methyl Cellulose</p>",All Naturals Cosmetics,Bulk-Bath & Body,Bulk-Bath & Body,true,Size,50lbs,,,,,,,deny,manual,450.00,,true,true,https://allnaturalscosmetics.com/wp-content/uploads/high-end-luxurious-lotion.jpg,1,High-End Luxurious Lotion,active
high-end-luxurious-lotion,,,,,,,,25lbs,,,,,,,deny,manual,250.00,,true,true,,,,
high-end-luxurious-lotion,,,,,,,,Gallon,,,,,,,deny,manual,150.00,,true,true,,,,
tea-tree-cream-shave,Tea-Tree Cream Shave,"<p>Made with Tea Tree and other sensitive skin oils, finally there is a shave cream with no alcohol suitable for pre and/or post shave! It provides a clean shave while preventing irritation and other shaving bumps.</p>",All Naturals Cosmetics,Bulk-Bath & Body,"Bulk-Bath & Body, Men",true,Size,8lbs,,,,,,,deny,manual,135.00,,true,true,https://allnaturalscosmetics.com/wp-content/uploads/tt_shave8.jpg,1,Tea-Tree Cream Shave,active
tea-tree-cream-shave,,,,,,,,50lbs,,,,,,,deny,manual,450.00,,true,true,,,,
tea-tree-cream-shave,,,,,,,,25lbs,,,,,,,deny,manual,315.00,,true,true,,,,
exotic-coconut-body-butter,Exotic Coconut Body Butter,"<p>A light, rich and creamy body butter excellent for the spring/summer skin care. Why subject your skin to petrolatum laden products when your skin can feed on food fit for the gods.</p>",All Naturals Cosmetics,Bulk-Bath & Body,Bulk-Bath & Body,true,Size,8.8lbs,,,,,,,deny,manual,100.00,,true,true,https://allnaturalscosmetics.com/wp-content/uploads/exotic_25.jpg,1,Exotic Coconut Body Butter,active
exotic-coconut-body-butter,,,,,,,,25lbs,,,,,,,deny,manual,200.00,,true,true,,,,
exotic-coconut-body-butter,,,,,,,,50lbs,,,,,,,deny,manual,400.00,,true,true,,,,
classic-4oz-jar-with-gold-lids,Classic 4oz Jar with Gold Lids,"<p>Size: 4oz/125ml</p>
<p>Quantity: 50 Pieces</p>
<p>Material: HDPE</p>",All Naturals Cosmetics,Jars & Bottles,Jars & Bottles,true,Title,Default Title,,,,,,,deny,manual,75.00,,true,true,https://allnaturalscosmetics.com/wp-content/uploads/classic-4oz-jar-with-gold-lids.jpg,1,Classic 4oz Jar with Gold Lids,active
4oz-tube-style-bottle-with-cap,4oz Tube Style Bottle with Cap,"<p>Size: 4oz/125ml</p>
<p>Color: Black Bottle with silver cap</p>
<p>Quantity: 50 Pieces</p>
<p>Material: HDPE</p>",All Naturals Cosmetics,Jars & Bottles,Jars & Bottles,true,Title,Default Title,,,,,,,deny,manual,62.25,,true,true,https://allnaturalscosmetics.com/wp-content/uploads/4oz-tube-style-bottle-with-cap.jpg,1,4oz Tube Style Bottle with Cap,active
combo-12-tresses-so-soft,Combo 14- Tresses So Soft,"<p>This combo pack allows you to enjoy our Shea butter hair care products at a cost saving rate. With this pack, you will enjoy our Shea butter shampoo, deep treatment conditioner, leave in conditioner and scalp &amp; hair oil. Why not try it today?</p>
<p>Pack includes one each of:</p>
<ol>
<li>Shea Butter Shampoo- 12oz</li>
<li>Shea Butter Treatment Conditioner- 12oz</li>
<li>Shea Butter Leave-in Conditioner- 12oz</li>
<li>Shea Butter Hair &amp; Scalp oil- 6oz</li>
</ol>",All Naturals Cosmetics,Combo Packages,Combo Packages,true,Title,Default Title,,,,,,,deny,manual,53.00,,true,true,https://allnaturalscosmetics.com/wp-content/uploads/combo-packages/combo12.jpg,1,Combo 14- Tresses So Soft,active
combo-11-face-body-love,Combo 11-Face & Body Love,"<p>This combo pack allows you to have both face and body care luxurious products at a cost-saving rate. With this pack, you will enjoy our skin-toning face wash and excellent shower gel. On the moisturizing side, you will be able to choose days to pamper yourself with our organic Shea butter from Ghana or organic Argan oil from Morocco. The choice will be yours! Why not start today?</p>
<p>Pack includes one each of:</p>
<ol>
<li>Face Wash- 8oz</li>
<li>Body Wash- 12oz</li>
<li>100% Pure Shea Butter- 4oz</li>
<li>Organic Argan Oil- 100ml</li>
</ol>",All Naturals Cosmetics,Combo Packages,Combo Packages,true,Title,Default Title,,,,,,,deny,manual,60.00,,true,true,https://allnaturalscosmetics.com/wp-content/uploads/combo-packages/combo_11.jpg,1,Combo 11-Face & Body Love,active
combo-4-body-so-soft,Combo 4-Body So Soft,"<p>The combo pack allows you to start your day with our body reviving wash and follow through with either our Shea Butter Moisturizer or our Cocoa-Shea Butter. We are happy to provide you with choices and liberate you from being stuck with one type of skin moisturizer. Now your mood can decide daily between a light moisturizing lotion and a heavier butter all at a reduced cost.</p>
<p>Pack includes one each of:</p>
<ol>
<li>Shea Butter Moisturizer- 12oz</li>
<li>Shea Butter Body Wash- 8oz</li>
<li>Cocoa-Shea Butter- 12oz</li>
</ol>",All Naturals Cosmetics,Combo Packages,Combo Packages,true,Title,Default Title,,,,,,,deny,manual,45.00,,true,true,https://allnaturalscosmetics.com/wp-content/uploads/combo-packages/combo_4-1.jpg,1,Combo 4-Body So Soft,active
cocoa-shea-butter-2,Cocoa-Shea Butter,"<p>Kiss ashy, dry, flaky, and thirsty skin goodbye and welcome a smooth, hydrated complexion with our 100% Cocoa-Shea Butter.  Daily use will bring your skin lasting wellness and suppleness,<strong> visibly improving your skin&#8217;s elasticity and reducing the appearance of stretch marks</strong>. Rub daily all over the body before, during, and after pregnancy to prevent pregnancy-related stretch marks. Product is also recommended for stretch marks associated with weight fluctuations and for general family use.</p>
<p><strong>Purpose:</strong></p>
<ol>
<li>For a blemish-free, succulent, glowing complexion;</li>
<li>To reduce the appearance of stretch marks, blemishes, scars, and other unsightly marks;</li>
<li>To support graceful aging by reducing the appearance of lines and wrinkles;</li>
<li>Prevention of stretch marks;</li>
<li>For all-year-round skincare.</li>
</ol>
<p><strong>Skin Conditions:</strong> Extreme dry, scaly, flaky, chapped, eczema, and symptoms of psoriasis.</p>
<p><strong>Product Texture: </strong>Soft buttery</p>
<p><strong>Aroma:</strong> Cocoa Butter</p>
<p><strong>What it does not contain:</strong> No solvent for extraction, preservatives, mineral oil, paraffin, petrolatum.</p>
<p><strong>Direction for Use</strong>: After hand or body washing, rub between the palms and apply on the skin. This product can be used day or night and during all seasons and weather. It is definitely a must in the Fall and Winter Seasons as it shields the skin from the harsh cold weather while depositing essential nutrients including Calcium, Protein, Iron, vitamins A, B, C, D, E, and K into the skin.  It is very light and easy to apply.<strong> </strong></p>
<p><strong>Ingredients:</strong> Organic Shea Butter, Organic Cocoa Butter, Olive oil, Safflower oil, Sweet Almond oil, Grapefruit Seed Oil, Cocoa-butter aroma.</p>
<p>The color of this product may vary slightly from batch to batch due to the time of harvest of Shea Butter.</p>",All Naturals Cosmetics,Bulk-Bath & Body,"Bulk-Bath & Body, Spas & Salons",true,Size,50lbs,,,,,,,deny,manual,500.00,,true,true,https://allnaturalscosmetics.com/wp-content/uploads/cocoa_shea_butter.png,1,Cocoa-Shea Butter,active
cocoa-shea-butter-2,,,,,,,,25lbs,,,,,,,deny,manual,300.00,,true,true,,,,
cocoa-shea-butter-2,,,,,,,,8.8lbs,,,,,,,deny,manual,120.00,,true,true,,,,
argan-oil-body-butter-2,Argan Oil Body Butter,"<p>Made with Ecocert certified Argan oil, this beautiful body butter:</p>
<ol>
<li>Locks moisture into your skin;</li>
<li>Is a great remedy for chapped skin or cold weather skincare;</li>
<li>Is amazing for use on rough skin including feet care;</li>
<li>Is rich in Vitamins, Iron, Calcium, and Protein &amp; Oleic properties and safe for the whole family.</li>
</ol>
<p>Made with Argan oil and Cocoa-butter, this body butter provides top moisture for dry, itchy, skin as well as helps to soften hard, rough skin. With its naturally occurring rich deposits of Vitamins, Iron, Calcium, Protein &amp; Oleic properties, your skin would be so thankful.</p>
<p><strong>Ingredients</strong>: De-ionized water, Organic Cocoa-Butter, Organic Argan oil, Castor oil, Butyrospermum Parkii (Organic Shea Butter), Vegetable Glycerin, Glyceryl Stearate, Cetyl Alcohol (Coconut derived), Essential oil (Butterscotch)</p>",All Naturals Cosmetics,Bulk-Bath & Body,"Bulk-Bath & Body, Spas & Salons",true,Size,50lbs,,,,,,,deny,manual,350.00,,true,true,https://allnaturalscosmetics.com/wp-content/uploads/Argan-Oil-Body-Butter.png,1,Argan Oil Body Butter,active
argan-oil-body-butter-2,,,,,,,,25lbs,,,,,,,deny,manual,200.00,,true,true,,,,
argan-oil-body-butter-2,,,,,,,,8.8lbs,,,,,,,deny,manual,100.00,,true,true,,,,
tea-tree-oil,Tea Tree Oil,"<p><strong>Shea “All Naturals” Tea Tree Oil</strong> is versatile and excellent for face, scalp, and skincare. It contains other oils including Sweet Almond Oil, Eucalyptus, Rosemary, and Lemon Peel Oil. This product is rich in antibacterial, antimicrobial, antiseptic, antiviral, balsamic, expectorant, fungicide, and insecticide properties, and every bathroom shelf should have one!</p>
<p><strong>Purposes:</strong></p>
<ol>
<li>Stimulates hair roots and unclogs hair follicles to improve hair and scalp health;</li>
<li>Supports the treatment of wounds, ringworm, cold sores, fungal infections, head lice, psoriasis, boils, itchy insect bites;</li>
<li>Relieves minor skin surface ailments and abrasions, from cuts and scrapes to acne;</li>
<li>Face steaming for a clearer brighter complexion to ensure reduced acne and pimples break-out;</li>
<li>Strengthens nails and rejuvenates the skin.</li>
</ol>
<p><strong>Skin Conditions:</strong> Dry, normal, oily, and skin with imperfections.</p>
<p><strong>Product Texture:</strong> Liquid oil</p>
<p><strong>Ingredients/Ingrédients:</strong> Prunus Amygdalus Dulcis (Organic Sweet Almond) Oil, Vitis Vinifera (Organic Grape Seed) Oil, Melaleuca Alternifolia (Tea Tree) Leaf Oil, Mentha Piperita, (Peppermint) Oil, Eucalyptus oil, Rosmarinus Officinalis (Rosemary) Leaf Extract, Citrus Medica Limonum (Lemon) Peel Oil</p>
<p><strong>The Direction for Use:</strong> For occasional use only- to treat acne, pimples, infections, and abrasions, wash skin area, and apply topically. For scalp care, wash hair and scalp, pat hair, and apply on the scalp. The product may be further diluted with a carrier oil if too strong.</p>
<p>For <strong>undiluted pure tea tree oil</strong>,<a href=""https://allnaturalscosmetics.com/product/tea-tree-essential-oil/""> go here</a></p>
<p><strong>Size:</strong> 100ml</p>",All Naturals Cosmetics,Butters & Moisturizers,"Butters & Moisturizers, Family Body Care, Family Hair Care, Hair oils / Lotions & Sprays",true,Title,Default Title,,,,,,,deny,manual,15.00,,true,true,https://allnaturalscosmetics.com/wp-content/uploads/teaTree2.jpg,1,Tea Tree Oil,active
tea-tree-oil,,,,,,,,,,,,,,,,,,,,,https://allnaturalscosmetics.com/wp-content/uploads/teaTree1.jpg,2,Tea Tree Oil,
tea-tree-oil,,,,,,,,,,,,,,,,,,,,,https://allnaturalscosmetics.com/wp-content/uploads/tee_tree2.jpg,3,Tea Tree Oil,
sheaargan-oilsheaargan-oilsheaargan-oil,Argan-Shea Oil,"<p>Shea “All Naturals” <strong>Argan-Shea Oil </strong>is a heavenly combination of non-comedogenic oils- Shea Butter, Argan, Olive, Broccoli, Avocado, and Sweet Almond oils formulated to reduce dryness, improve skin tone and keep skin younger and fresher looking. It absorbs very fast into the skin, sealing in moisture, and can be used by the whole family including newborns and older adults.</p>
<p><strong>Purpose:</strong></p>
<ol>
<li>Nourishes skin with essential nutrients;</li>
<li>Infuses skin with moisturizers that hydrate;</li>
<li>Revives skin from dryness, excessive sun exposure, and balances skin’s uneven tone;</li>
<li>Slows the skin-aging process;</li>
<li>An excellent hair conditioner.</li>
</ol>
<p><strong>Skin Conditions:</strong> Normal, Dry, extremely dry, sensitive, maturing, scaly, flaky, chapped, eczema, and symptoms of psoriasis.</p>
<p><strong>Hair Types:</strong> All hair types and textures (curly, wave, kinky, natural, chemically-treated, and colored).</p>
<p><strong>Hair Conditions:</strong> Dry, damaged, brittle, breaking, split ends, healthy</p>
<p><strong>Product Texture:</strong> Liquid oil</p>
<p><strong>Argan-Shea: </strong>Orange oil</p>
<p><strong>What it does not contain:</strong> Petrolatum, Paraffin, Mineral Oil, harmful preservatives.</p>
<p><strong>The Direction for Use:</strong> Wash face and skin, rinse well and follow with Argan-Shea oil. For hair care, apply it directly on the scalp and hair.</p>
<p><strong>Ingredient/Ingrédients: </strong>Capric/Caprylic Triglycerides (Coconut), Organic Argania Spinosa (Argan) Kernel Oil, Organic Prunus amygdalus Dulcis (Sweet Almond oil), Organic Butyrospermum Parkii (Shea Butter) Brassica Oleracea Italica (Broccoli)  Seed Oil, Persea Gratissima (Avocado) Oil, Organic Olea Europaea (Olive) Fruit Oil, Aroma.</p>
<p><strong>Size:</strong> 100ml</p>",All Naturals Cosmetics,Butters & Moisturizers,"Butters & Moisturizers, Family Body Care",true,Title,Default Title,,,,,,,deny,manual,25.00,,true,true,https://allnaturalscosmetics.com/wp-content/uploads/aso1.jpg,1,Argan-Shea Oil,active
sheaargan-oilsheaargan-oilsheaargan-oil,,,,,,,,,,,,,,,,,,,,,https://allnaturalscosmetics.com/wp-content/uploads/aso2.jpg,2,Argan-Shea Oil,
sheaargan-oilsheaargan-oilsheaargan-oil,,,,,,,,,,,,,,,,,,,,,https://allnaturalscosmetics.com/wp-content/uploads/aso3.jpg,3,Argan-Shea Oil,
100-black-jamaican-castor-oil,100% Black Jamaican Castor Oil,"<p>The Shea &#8220;All Naturals&#8221; <strong>Jamaican Black Castor Oil</strong> is organic, with its beans roasted to perfection and just what your hair and skin needs! Our brand is organic, vegan, super hydrating, has more ash content, and contains no salt. It supplies valuable nutrients to hair follicles, preventing hair breakage, dry, itchy scalp, and patchy skin conditions among other benefits</p>
<p><strong>Purpose:</strong></p>
<ol>
<li>Moisturizes hair and promotes luxurious and healthy locks and scalp;</li>
<li>Improves thinning hair edges. With Omega 6 &amp; 9 fatty acids in JBCO, it strengthens thin and easily breakable hair;</li>
<li>Strengthens hair roots, improving blood flow to the scalp which in turn stimulates new hair growth;</li>
<li>Treats irritated scalp, dandruff, split ends, dry, frizzy hair &amp; scalp conditions, the appearance of bald spots (alopecia), and damages from chemically treated hair;</li>
<li>Nourishes and thickens hair including eyebrows;</li>
<li>Adds luster and shine to hair;</li>
<li>Nourishes skin and unclogs pores to treat acne, pimples and reduce the appearance of wrinkles, dry skin, blemishes, sunburn, and scars;</li>
<li>Relieves aches and pains- great for aromatherapy treatment.</li>
</ol>
<p>.<strong>Skin Conditions:</strong> Normal, Dry, extremely dry, scaly, flaky, chapped, eczema, and symptoms of psoriasis.</p>
<p><strong>Hair Types:</strong> All hair types and textures (curly, wave, kinky, natural, chemically-treated, and colored).</p>
<p><strong>Hair Conditions:</strong> Dry, damaged, brittle, breaking, split ends, healthy</p>
<p><strong>Product Texture:</strong> Liquid dark Brown-Black oil</p>
<p><strong>Aroma:</strong>  Unscented</p>
<p><strong>Note:</strong> <em>This product can be used on its own or add to skin/hair care products!</em></p>
<p><strong>The Direction for Use:</strong></p>
<p>For hot oil hair treatment- massage All Naturals&#8217; Jamaican Black Castor oil into scalp and hair. Cover with a plastic cap and go under the hairdryer for 25-30 minutes. Shampoo and style using your preferred hair grooming products such as our Hair and  Scalp oil and the Shea Butter leave-in conditioner.</p>
<p>For daily use, massage on the scalp, running fingers to hair tips concentrating on problem areas. You need not rinse or wash out.</p>
<p>For Acne treatment- To open your pores, steam your face with hot water, covering your head with a towel for about 10 minutes. Wipe off excess oil and apply our Black Jamaican Castor oil to your face. Let sit for a few minutes, then wash with warm water. Complete by rinsing with cold water to close the pores.</p>
<p>To relieve pain and aches- Slightly heat and massage All Naturals Black Jamaican Castor oil in a circular motion to increase the absorption of the oil by your skin. Wrap the area with a cotton cloth for a few minutes to keep warm.</p>
<p><strong>Ingredient/Ingrédient:</strong> Ricinus Communis (Castor Seed) oil – 100% Black Jamaican Castor oil</p>
<p><strong>Size:</strong> 100ml</p>",All Naturals Cosmetics,Family Hair Care,"Family Hair Care, Hair oils / Lotions & Sprays",true,Title,Default Title,,,,,,,deny,manual,12.00,,true,true,https://allnaturalscosmetics.com/wp-content/uploads/bjco1.jpg,1,100% Black Jamaican Castor Oil,active
100-black-jamaican-castor-oil,,,,,,,,,,,,,,,,,,,,,https://allnaturalscosmetics.com/wp-content/uploads/bjco4.jpg,2,100% Black Jamaican Castor Oil,
100-black-jamaican-castor-oil,,,,,,,,,,,,,,,,,,,,,https://allnaturalscosmetics.com/wp-content/uploads/bjco3.jpg,3,100% Black Jamaican Castor Oil,
100-black-jamaican-castor-oil,,,,,,,,,,,,,,,,,,,,,https://allnaturalscosmetics.com/wp-content/uploads/bjco2.jpg,4,100% Black Jamaican Castor Oil,
100-black-jamaican-castor-oil,,,,,,,,,,,,,,,,,,,,,https://allnaturalscosmetics.com/wp-content/uploads/bjco5.jpg,5,100% Black Jamaican Castor Oil,
capric-caprillic-triglycerides-oil,Capric/Caprillic Triglycerides oil,"<p><strong>Capric/Caprillic Triglycerides Oil</strong></p>
<p><strong>Botanical Name:</strong> Capric/Caprillic Triglycerides</p>
<p><strong>Appearance:</strong> very light</p>
<p><strong>Description:</strong> A very light oil that has won the heart of many manufacturers in the production of skin care products including massage oils, lotions and creams.</p>
<p><strong>Common Uses:</strong> Capric/Caprillic Triglycerides Oil is easily absorbed into the skin and hence heavily used in manufacturing of body &amp; massage therapy oils and lotions.</p>
<p><strong>Shelf Life:</strong>  1-2 years</p>",All Naturals Cosmetics,Raw Materials,Raw Materials,true,Size,50lbs,,,,,,,deny,manual,185.00,,true,true,https://allnaturalscosmetics.com/wp-content/uploads/Capric_Caprillic-Triglycerides-oil.png,1,Capric/Caprillic Triglycerides oil,active
capric-caprillic-triglycerides-oil,,,,,,,,25lbs,,,,,,,deny,manual,125.00,,true,true,,,,
capric-caprillic-triglycerides-oil,,,,,,,,Gallon,,,,,,,deny,manual,65.00,,true,true,,,,
grape-seed-carrier-oil,Grape seed Carrier oil,"<p>Pressed from Grapes, this oil is abundant in omega 6 and 3 fatty acids, vitamins C, D &amp; E and will help to:</p>
<ol>
<li>Reduce wrinkles and scars</li>
<li>Tighten skin</li>
<li>Treat acne</li>
<li>Moisturize skin-balancing dry and oily patches on the skin</li>
<li>Tone skin- oil penetrates pores and cleanse the skin</li>
<li>Massage skin</li>
<li>Reduce appearance of stretch marks- due to its vitamin C, E and fatty acids</li>
<li>Reduce dandruff and dry scalp conditions without the greasy feel</li>
<li>Support hair growth- due to its linoleic acid content</li>
</ol>
<p>Known in the personal care industry as a carrier oil, grape seed oil helps to develop creams and lotion with no tacky, greasy after feel. With all these benefits, it is of no wonder that it is a favourite with many manufacturing facilities.</p>
<p><strong>Extraction Method:</strong> Cold Pressed.</p>
<p><strong>Shelf Life</strong>: 2-3 years with proper storage conditions (cool/cold) Please keep all oils including Grape seed oil out of direct sunlight.</p>",All Naturals Cosmetics,Raw Materials,Raw Materials,true,Size,50lbs,,,,,,,deny,manual,275.00,,true,true,https://allnaturalscosmetics.com/wp-content/uploads/grape-seed-carrier-oil_50.jpg,1,Grape seed Carrier oil,active
grape-seed-carrier-oil,,,,,,,,25lbs,,,,,,,deny,manual,150.00,,true,true,https://allnaturalscosmetics.com/wp-content/uploads/raw-material-2/Grape-Seed-Carrier-Oil_50.jpg,2,Grape seed Carrier oil,
grape-seed-carrier-oil,,,,,,,,Gallon,,,,,,,deny,manual,37.75,,true,true,https://allnaturalscosmetics.com/wp-content/uploads/raw-material-2/Grape-Seed-Carrier-Oil_25.jpg,3,Grape seed Carrier oil,
grape-seed-carrier-oil,,,,,,,,,,,,,,,,,,,,,https://allnaturalscosmetics.com/wp-content/uploads/raw-material-2/Grape-Seed-oil_gal.jpg,4,Grape seed Carrier oil,
hi-oleic-safflower-oil,Hi-Oleic Safflower Oil,"<p><strong>Hi-Oleic Safflower oil.</strong></p>
<p><strong>Botanical Name:</strong> Carthamus tinctorius<br />
<strong>Extraction Method:</strong> Cold Pressed<br />
<strong>Description:</strong> Safflower Oil is the first choice amongst manufacturers for cosmetics requiring Moisturizing Oil. It is also very popular in massage blends as it is easily absorbed, and can be washed from clothing easily. There are two types of safflower that produce different kinds of oil: one high in monounsaturated fatty acid (oleic acid) and the other high in polyunsaturated fatty acid (linoleic acid). Currently the predominant oil market is for the former, which is lower in saturates than olive oil and this is the type that we offer.</p>
<p><strong>Color:</strong> Light yellow<br />
<strong>Aromatic Description:</strong> Safflower Oil is odourless.<br />
<strong>Common Uses:</strong> safflower is heavily used in manufacturing and massage therapy</p>
<p><strong>Absorption:</strong> Safflower is easily absorbed.<br />
<strong>Shelf life:</strong> Safflower is quick to go rancid; users can expect a shelf life of 6 Months to 1 Year with proper storage conditions (cool, out of direct sunlight). Refrigeration after opening is recommended.</p>
<p><strong>Cautions:</strong> None Known.</p>",All Naturals Cosmetics,Raw Materials,Raw Materials,true,Size,50lbs,,,,,,,deny,manual,160.00,,true,true,https://allnaturalscosmetics.com/wp-content/uploads/hi-oleic-safflower-oil.jpg,1,Hi-Oleic Safflower Oil,active
hi-oleic-safflower-oil,,,,,,,,25lbs,,,,,,,deny,manual,90.00,,true,true,https://allnaturalscosmetics.com/wp-content/uploads/raw-material-2/7ac90f2ddaf025678cb573a4d9b2f610.jpg,2,Hi-Oleic Safflower Oil,
hi-oleic-safflower-oil,,,,,,,,Gallon,,,,,,,deny,manual,42.00,,true,true,,,,
neem-oil,Neem Oil,"<p>Neem Oil – Original to Africa and Indian and used in Ayurvedic Medicine. It is also reputed for its antiseptic, dermatological and dental properties. It is rich in fatty acids and glycerides and together with its healing properties, provides an excellent natural moisturizing base for skin care formulation. This oil aid in the healing of topical skin disorders such as eczema, psoriasis, rashes, burns and acne.</p>
<p><strong>Color:</strong> Yellowish brown to dark greenish brown liquid.</p>
<p><strong>Aromatic Description:</strong> Neem Carrier Oil has a pungent, earthy, green musty smell.</p>
<p><strong>Common Uses:</strong> up to 10% is recommended in skin care formulations.</p>
<p><strong>Consistency:</strong> Neem Carrier Oil is very viscous, and it gets solid in the cold.</p>
<p>INCI: Azadirachta Indica</p>",All Naturals Cosmetics,Raw Materials,Raw Materials,true,Size,50lbs,,,,,,,deny,manual,650.00,,true,true,https://allnaturalscosmetics.com/wp-content/uploads/neem-oil_50.jpg,1,Neem Oil,active
neem-oil,,,,,,,,25lbs,,,,,,,deny,manual,350.00,,true,true,https://allnaturalscosmetics.com/wp-content/uploads/raw-material-2/Neem-Oil_50.jpg,2,Neem Oil,
neem-oil,,,,,,,,Gallon,,,,,,,deny,manual,85.00,,true,true,https://allnaturalscosmetics.com/wp-content/uploads/raw-material-2/Neem-Oil_25.jpg,3,Neem Oil,
neem-oil,,,,,,,,,,,,,,,,,,,,,https://allnaturalscosmetics.com/wp-content/uploads/raw-material-2/Neem-Oil_gal2.jpg,4,Neem Oil,
organic-glycerin-non-gmo,Organic Glycerin (Non-GMO),"<p>Our Vegetable Glycerin is Organic USP Grade, Kosher, GMO and allergen-free and:</p>
<ol>
<li>Soluble in both water and alcohol;</li>
<li>Excellent for use in lip balms, shampoos, soaps, creams, cosmetics, toothpaste and pharmaceuticals;</li>
<li>Excellent for dry skin and eczema targeted personal care products;</li>
<li>Invaluable as a natural-source ingredient with emollient properties that can soften and soothe the skin.</li>
</ol>",All Naturals Cosmetics,Raw Materials,Raw Materials,true,Size,50lbs,,,,,,,deny,manual,300.00,,true,true,https://allnaturalscosmetics.com/wp-content/uploads/organic-glycerin-non-gmo_25.jpg,1,Organic Glycerin (Non-GMO),active
organic-glycerin-non-gmo,,,,,,,,25lbs,,,,,,,deny,manual,175.00,,true,true,https://allnaturalscosmetics.com/wp-content/uploads/raw-material-2/Organic-Glycerin-Non-GMO_50.jpg,2,Organic Glycerin (Non-GMO),
organic-glycerin-non-gmo,,,,,,,,Gallon,,,,,,,deny,manual,75.00,,true,true,https://allnaturalscosmetics.com/wp-content/uploads/raw-material-2/Organic-Glycerin-Non-GMO_25.jpg,3,Organic Glycerin (Non-GMO),
